﻿<?xml version="1.0" encoding="utf-8"?>
<deployment>
  <id>dd457e93-5267-4fb9-a5f6-d2f457774c8d</id>
  <author>N/A</author>
  <deployer>OneDeploy</deployer>
  <authorEmail>N/A</authorEmail>
  <message>N/A</message>
  <progress></progress>
  <status>Success</status>
  <statusText></statusText>
  <lastSuccessEndTime>2025-09-26T12:20:10.6572998Z</lastSuccessEndTime>
  <receivedTime>2025-09-26T12:18:16.2617033Z</receivedTime>
  <startTime>2025-09-26T12:18:17.7166288Z</startTime>
  <endTime>2025-09-26T12:20:10.6572998Z</endTime>
  <complete>True</complete>
  <is_temp>False</is_temp>
  <is_readonly>True</is_readonly>
  <buildSummary />
</deployment>