<step title="Incoming Request" date="2025-09-26T10:28:30.606" instance="ba45b8" url="/api/deployments/latest?deployer=OneDeploy&amp;time=2025-09-26_10-28-23Z" method="GET" type="request" pid="823,1,3" Host="smart-expense-tracker-app.scm.azurewebsites.net" User-Agent="GITHUBACTIONS_DeployWebAppToAzure_5835cf6118cc5cc5f74e80598d4369c7edd831c8598f111ac95a3005d8e3812e" Authorization="Bas..." Content-Type="application/json; charset=utf-8" Cookie="ARRAffinity=ba45b830eaae19b6e165b2dfcb3947a4904073a482d7c81d6af1581103c5ad1b;Path=/;HttpOnly;Secure;Domain=smart-expense-tracker-app.scm.azurewebsites.net; ARRAffinitySameSite=ba45b830eaae19b6e165b2dfcb3947a4904073a482d7c81d6af1581103c5ad1b;Path=/;HttpOnly;SameSite=None;Secure;Domain=smart-expense-tracker-app.scm.azurewebsites.net" Content-Length="0" X-ARR-LOG-ID="e75d204b-f96d-4f2c-85e5-6274e5045ad0" CLIENT-IP="52.160.166.66:15361" X-SITE-DEPLOYMENT-ID="smart-expense-tracker-app" WAS-DEFAULT-HOSTNAME="smart-expense-tracker-app.scm.azurewebsites.net" X-Forwarded-Proto="https" X-AppService-Proto="https" X-Forwarded-TlsVersion="1.3" X-WAWS-Unencoded-URL="/api/deployments/latest?deployer=OneDeploy&amp;time=2025-09-26_10-28-23Z" X-Client-IP="52.160.166.66" X-Client-Port="15361" >
  <step title="Cleanup Xml Logs" date="2025-09-26T10:28:30.624" >
    <step title="Cleanup Infos" date="2025-09-26T10:28:30.676" totalFiles="213" totalCleanup="53" /><!-- duration: 17ms -->
  </step><!-- duration: 77ms -->
  <step title="DeploymentService.GetResult" date="2025-09-26T10:28:30.731" >
    <step title="DeploymentService.GetLatestDeployment" date="2025-09-26T10:28:30.740" >
      <step title="DeploymentManager.GetResults" date="2025-09-26T10:28:30.759" /><!-- duration: 627ms -->
    </step><!-- duration: 654ms -->
  </step><!-- duration: 669ms -->
  <step title="Outgoing response" date="2025-09-26T10:28:31.407" type="response" statusCode="202" statusText="Accepted" /><!-- duration: 34ms -->
</step><!-- duration: 851ms -->
