<step title="BackgroundTrace" date="2025-09-25T21:03:54.080" instance="ba45b8" url="/api/publish" method="POST" >
  <step title="Cleanup Xml Logs" date="2025-09-25T21:03:54.091" /><!-- duration: 8ms -->
  <step title="Creating temporary deployment - FetchDeploymentManager" date="2025-09-25T21:03:54.264" /><!-- duration: 3ms -->
  <step title="Creating temporary deployment" date="2025-09-25T21:03:54.272" /><!-- duration: 175ms -->
  <step title="Performing fetch based deployment" date="2025-09-25T21:03:54.621" >
    <step title="Cleaning up temp folders from previous zip deployments and extracting pushed zip file /tmp/zipdeploy/a7e2b793-bb9d-4fd7-9433-874cf49ca999.zip (14.25 MB) to /tmp/zipdeploy/extracted" date="2025-09-25T21:03:55.973" >
      <step title="ChmodRecursive Process exited with total time taken in ms: 638" date="2025-09-25T21:04:12.495" /><!-- duration: 12ms -->
    </step><!-- duration: 16557ms -->
    <step title="Deployment timer started" date="2025-09-25T21:04:14.596" >
      <step title="DeploymentManager.Deploy(id:c839adc1-6c2c-4c0c-9024-0600fdfb747d)" date="2025-09-25T21:04:14.612" >
        <step title="Collecting changeset information" date="2025-09-25T21:04:14.682" /><!-- duration: 205ms -->
        <step title="Updating submodules" date="2025-09-25T21:04:14.897" /><!-- duration: 1212ms -->
        <step title="Determining deployment builder" date="2025-09-25T21:04:16.478" >
          <step title="Builder is OneDeployBuilder" date="2025-09-25T21:04:16.505" /><!-- duration: 11ms -->
        </step><!-- duration: 47ms -->
        <step title="PreDeployment: context.CleanOutputPath False" date="2025-09-25T21:04:16.646" >
          <step title="PreDeployment: context.OutputPath /home/site/wwwroot" date="2025-09-25T21:04:16.901" >
            <step title="Building" date="2025-09-25T21:04:17.139" >
              <step title="Executing external process" date="2025-09-25T21:04:19.232" type="process" path="starter.sh" arguments="/opt/Kudu/Scripts/absoluteTar.sh /tmp/zipdeploy/extracted/node_modules /tmp/zipdeploy/extracted/node_modules.tar.gz" /><!-- duration: 17904ms -->
              <step title="Executing external process" date="2025-09-25T21:04:37.695" type="process" path="starter.sh" arguments="/opt/Kudu/Scripts/parallel_rsync.sh /tmp/zipdeploy/extracted /home/site/wwwroot 8 /tmp/ False False node_modules " /><!-- duration: 8393ms -->
              <step title="Modified file to trigger a restart of the app container." date="2025-09-25T21:04:47.600" /><!-- duration: 4ms -->
              <step title="Skip function trigger and logicapp sync because function is not enabled." date="2025-09-25T21:04:47.625" /><!-- duration: 11ms -->
            </step><!-- duration: 31444ms -->
          </step><!-- duration: 31693ms -->
          <step title="Cleaning up temp files" date="2025-09-25T21:04:48.597" /><!-- duration: 7ms -->
          <step title="Cleaning up temp files" date="2025-09-25T21:04:48.628" /><!-- duration: 511ms -->
          <step title="Reloading status file with latest updates" date="2025-09-25T21:04:49.201" >
            <step title="WebHooksManager.PublishEventAsync: PostDeployment" date="2025-09-25T21:04:49.226" /><!-- duration: 111ms -->
          </step><!-- duration: 140ms -->
          <step title="Cleaning up temporary deployment - fetch deployment was successful" date="2025-09-25T21:04:49.345" /><!-- duration: 4ms -->
        </step><!-- duration: 32797ms -->
      </step><!-- duration: 34853ms -->
