<step title="Incoming Request" date="2025-09-25T19:09:05.206" instance="ba45b8" url="/deploy?scmType=ExternalGit&amp;isAsync=true" method="POST" type="request" pid="825,1,7" Host="smart-expense-tracker-app.scm.azurewebsites.net" User-Agent="Azure-WebSites-Controller/105.0.7.92" Authorization="Bas..." Expect="100-continue" Content-Length="91" x-ms-request-id="aac22533-bc0d-4975-a6e6-658b43013c92" X-ARR-LOG-ID="aac22533-bc0d-4975-a6e6-658b43013c92" CLIENT-IP="20.105.216.41:2113" X-SITE-DEPLOYMENT-ID="smart-expense-tracker-app" WAS-DEFAULT-HOSTNAME="smart-expense-tracker-app.scm.azurewebsites.net" X-MS-PLATFORM-INTERNAL="True" X-Forwarded-Proto="https" X-AppService-Proto="https" X-Forwarded-TlsVersion="1.3" X-WAWS-Unencoded-URL="/deploy?scmType=ExternalGit&amp;isAsync=true" X-Client-IP="20.105.216.41" X-Client-Port="2113" >
  <step title="Cleanup Xml Logs" date="2025-09-25T19:09:06.058" /><!-- duration: 634ms -->
  <step title="FetchHandler" date="2025-09-25T19:09:09.358" >
    <step title="Executing external process" date="2025-09-25T19:09:15.176" type="process" path="git" arguments="rev-parse --git-dir" /><!-- duration: 710ms -->
    <step title="Executing external process" date="2025-09-25T19:09:16.032" type="process" path="git" arguments="rev-parse --git-dir" /><!-- duration: 374ms -->
    <step title="Executing external process" date="2025-09-25T19:09:16.460" type="process" path="git" arguments="log -n 1 main --" /><!-- duration: 830ms -->
    <step title="Start deployment in the background" date="2025-09-25T19:09:17.455" >
      <step title="Executing external process" date="2025-09-25T19:09:17.847" type="process" path="git" arguments="rev-parse --git-dir" /><!-- duration: 163ms -->
      <step title="Executing external process" date="2025-09-25T19:09:18.140" type="process" path="git" arguments="rev-parse --git-dir" /><!-- duration: 127ms -->
      <step title="Executing external process" date="2025-09-25T19:09:18.278" type="process" path="git" arguments="log -n 1 main --" /><!-- duration: 368ms -->
      <step title="Acquiring Deployment Lock" date="2025-09-25T19:09:18.692" /><!-- duration: 10ms -->
      <step title="Acquired Deployment Lock" date="2025-09-25T19:09:19.022" /><!-- duration: 33ms -->
    </step><!-- duration: 2380ms -->
  </step><!-- duration: 10513ms -->
  <step title="Outgoing response" date="2025-09-25T19:09:19.909" type="response" statusCode="202" statusText="Accepted" /><!-- duration: 28ms -->
</step><!-- duration: 14748ms -->
