<step title="Incoming Request" date="2025-09-26T10:28:44.043" instance="ba45b8" url="/api/deployments/latest?deployer=OneDeploy&amp;time=2025-09-26_10-28-23Z" method="GET" type="request" pid="823,1,3" Host="smart-expense-tracker-app.scm.azurewebsites.net" User-Agent="GITHUBACTIONS_DeployWebAppToAzure_5835cf6118cc5cc5f74e80598d4369c7edd831c8598f111ac95a3005d8e3812e" Authorization="Bas..." Content-Type="application/json; charset=utf-8" Cookie="ARRAffinity=ba45b830eaae19b6e165b2dfcb3947a4904073a482d7c81d6af1581103c5ad1b;Path=/;HttpOnly;Secure;Domain=smart-expense-tracker-app.scm.azurewebsites.net; ARRAffinitySameSite=ba45b830eaae19b6e165b2dfcb3947a4904073a482d7c81d6af1581103c5ad1b;Path=/;HttpOnly;SameSite=None;Secure;Domain=smart-expense-tracker-app.scm.azurewebsites.net" Content-Length="0" X-ARR-LOG-ID="72d83823-7d39-47b6-9e26-239accd45395" CLIENT-IP="52.160.166.66:15361" X-SITE-DEPLOYMENT-ID="smart-expense-tracker-app" WAS-DEFAULT-HOSTNAME="smart-expense-tracker-app.scm.azurewebsites.net" X-Forwarded-Proto="https" X-AppService-Proto="https" X-Forwarded-TlsVersion="1.3" X-WAWS-Unencoded-URL="/api/deployments/latest?deployer=OneDeploy&amp;time=2025-09-26_10-28-23Z" X-Client-IP="52.160.166.66" X-Client-Port="15361" >
  <step title="Cleanup Xml Logs" date="2025-09-26T10:28:44.051" >
    <step title="Cleanup Infos" date="2025-09-26T10:28:44.072" totalFiles="215" totalCleanup="55" /><!-- duration: 18ms -->
  </step><!-- duration: 54ms -->
  <step title="DeploymentService.GetResult" date="2025-09-26T10:28:44.131" >
    <step title="DeploymentService.GetLatestDeployment" date="2025-09-26T10:28:44.136" >
      <step title="DeploymentManager.GetResults" date="2025-09-26T10:28:44.140" /><!-- duration: 498ms -->
    </step><!-- duration: 512ms -->
  </step><!-- duration: 527ms -->
  <step title="Outgoing response" date="2025-09-26T10:28:44.662" type="response" statusCode="202" statusText="Accepted" /><!-- duration: 14ms -->
</step><!-- duration: 641ms -->
