<step title="Incoming Request" date="2025-09-25T20:27:28.303" instance="ba45b8" url="/api/publish?async=true&amp;deployer=GITHUB_ONE_DEPLOY&amp;type=zip&amp;message=%7B%22type%22%3A%22deployment%22%2C%22sha%22%3A%22e8a722b7fecdc7c3957c2c0a7a0623df25eff053%22%2C%22repoName%22%3A%22modosenin0%2Fsmart-expense-tracker%22%2C%22actor%22%3A%22modosenin0%22%2C%22slotName%22%3A%22production%22%2C%22commitMessage%22%3A%22Trigger%20deployment%20with%20GitHub%20secret%20configured%22%7D" method="POST" type="request" pid="823,1,61" Host="smart-expense-tracker-app.scm.azurewebsites.net" User-Agent="GITHUBACTIONS_DeployWebAppToAzure_5835cf6118cc5cc5f74e80598d4369c7edd831c8598f111ac95a3005d8e3812e" Authorization="Bas..." Content-Type="application/octet-stream" Cookie="ARRAffinity=ba45b830eaae19b6e165b2dfcb3947a4904073a482d7c81d6af1581103c5ad1b;Path=/;HttpOnly;Secure;Domain=smart-expense-tracker-app.scm.azurewebsites.net; ARRAffinitySameSite=ba45b830eaae19b6e165b2dfcb3947a4904073a482d7c81d6af1581103c5ad1b;Path=/;HttpOnly;SameSite=None;Secure;Domain=smart-expense-tracker-app.scm.azurewebsites.net" Transfer-Encoding="chunked" X-ARR-LOG-ID="bb258a27-fbf6-490e-a7c7-131fae71c48a" CLIENT-IP="172.182.201.167:32768" X-SITE-DEPLOYMENT-ID="smart-expense-tracker-app" WAS-DEFAULT-HOSTNAME="smart-expense-tracker-app.scm.azurewebsites.net" X-Forwarded-Proto="https" X-AppService-Proto="https" X-Forwarded-TlsVersion="1.3" X-WAWS-Unencoded-URL="/api/publish?async=true&amp;deployer=GITHUB_ONE_DEPLOY&amp;type=zip&amp;message=%7B%22type%22%3A%22deployment%22%2C%22sha%22%3A%22e8a722b7fecdc7c3957c2c0a7a0623df25eff053%22%2C%22repoName%22%3A%22modosenin0%2Fsmart-expense-tracker%22%2C%22actor%22%3A%22modosenin0%22%2C%22slotName%22%3A%22production%22%2C%22commitMessage%22%3A%22Trigger%20deployment%20with%20GitHub%20secret%20configured%22%7D" X-Client-IP="172.182.201.167" X-Client-Port="32768" >
  <step title="OneDeploy" date="2025-09-25T20:27:29.077" >
    <step title="None repository commit" date="2025-09-25T20:27:29.258" >
      <step title="Commit id: 6f4f0464-f95b-4253-9a7c-b6485bcccdf1" date="2025-09-25T20:27:29.262" Message="N/A" AuthorName="N/A" AuthorEmail="N/A" /><!-- duration: 2ms -->
    </step><!-- duration: 9ms -->
    <step title="Starting PushDeployAsync" date="2025-09-25T20:27:29.271" /><!-- duration: 2ms -->
    <step title="Writing artifact to /tmp/zipdeploy/1880ddb5-2f90-4ea3-9f7d-9602743f984d.zip" date="2025-09-25T20:27:29.319" >
      <step title="Writing multipart request body to /tmp/zipdeploy/1880ddb5-2f90-4ea3-9f7d-9602743f984d.zip" date="2025-09-25T20:27:29.332" /><!-- duration: 10ms -->
    </step><!-- duration: 780ms -->
    <step title="Start deployment in the background" date="2025-09-25T20:27:30.119" >
      <step title="Acquiring Deployment Lock" date="2025-09-25T20:27:30.213" /><!-- duration: 3ms -->
      <step title="Acquired Deployment Lock" date="2025-09-25T20:27:30.255" /><!-- duration: 3ms -->
    </step><!-- duration: 374ms -->
  </step><!-- duration: 1484ms -->
  <step title="Outgoing response" date="2025-09-25T20:27:30.573" type="response" statusCode="202" statusText="Accepted" /><!-- duration: 3ms -->
</step><!-- duration: 2285ms -->
