﻿<?xml version="1.0" encoding="utf-8"?>
<deployment>
  <id>3fe6731a-58c5-45e6-a468-6d07851799d8</id>
  <author>N/A</author>
  <deployer>OneDeploy</deployer>
  <authorEmail>N/A</authorEmail>
  <message>N/A</message>
  <progress></progress>
  <status>Success</status>
  <statusText></statusText>
  <lastSuccessEndTime>2025-09-26T12:45:35.2615749Z</lastSuccessEndTime>
  <receivedTime>2025-09-26T12:43:40.7745385Z</receivedTime>
  <startTime>2025-09-26T12:43:42.197325Z</startTime>
  <endTime>2025-09-26T12:45:35.2615749Z</endTime>
  <complete>True</complete>
  <is_temp>False</is_temp>
  <is_readonly>True</is_readonly>
  <buildSummary />
</deployment>