﻿<?xml version="1.0" encoding="utf-8"?>
<deployment>
  <id>0c92cc4c-02e4-47ce-bdb6-bd28a7527da3</id>
  <author>N/A</author>
  <deployer>OneDeploy</deployer>
  <authorEmail>N/A</authorEmail>
  <message>OneDeploy</message>
  <progress></progress>
  <status>Success</status>
  <statusText></statusText>
  <lastSuccessEndTime>2025-09-25T22:53:30.9664376Z</lastSuccessEndTime>
  <receivedTime>2025-09-25T22:52:48.9230938Z</receivedTime>
  <startTime>2025-09-25T22:52:50.4267678Z</startTime>
  <endTime>2025-09-25T22:53:30.9664376Z</endTime>
  <complete>True</complete>
  <is_temp>False</is_temp>
  <is_readonly>True</is_readonly>
  <buildSummary />
</deployment>