﻿<?xml version="1.0" encoding="utf-8"?>
<deployment>
  <id>c2a54816-50ae-4896-91e6-747fbfee188e</id>
  <author>N/A</author>
  <deployer>OneDeploy</deployer>
  <authorEmail>N/A</authorEmail>
  <message>OneDeploy</message>
  <progress></progress>
  <status>Success</status>
  <statusText></statusText>
  <lastSuccessEndTime>2025-09-26T11:10:54.7485751Z</lastSuccessEndTime>
  <receivedTime>2025-09-26T11:10:16.5436998Z</receivedTime>
  <startTime>2025-09-26T11:10:18.0788273Z</startTime>
  <endTime>2025-09-26T11:10:54.7485751Z</endTime>
  <complete>True</complete>
  <is_temp>False</is_temp>
  <is_readonly>True</is_readonly>
  <buildSummary />
</deployment>