<step title="Incoming Request" date="2025-09-26T11:29:26.900" instance="ba45b8" url="/api/deployments/latest?deployer=OneDeploy&amp;time=2025-09-26_11-27-42Z" method="GET" type="request" pid="825,1,21" Host="smart-expense-tracker-app.scm.azurewebsites.net" User-Agent="GITHUBACTIONS_DeployWebAppToAzure_5835cf6118cc5cc5f74e80598d4369c7edd831c8598f111ac95a3005d8e3812e" Authorization="Bas..." Content-Type="application/json; charset=utf-8" Cookie="ARRAffinity=ba45b830eaae19b6e165b2dfcb3947a4904073a482d7c81d6af1581103c5ad1b;Path=/;HttpOnly;Secure;Domain=smart-expense-tracker-app.scm.azurewebsites.net; ARRAffinitySameSite=ba45b830eaae19b6e165b2dfcb3947a4904073a482d7c81d6af1581103c5ad1b;Path=/;HttpOnly;SameSite=None;Secure;Domain=smart-expense-tracker-app.scm.azurewebsites.net" Content-Length="0" X-ARR-LOG-ID="3c6678a5-b48c-4f92-ae80-9e9b61e82470" CLIENT-IP="9.234.149.84:11297" X-SITE-DEPLOYMENT-ID="smart-expense-tracker-app" WAS-DEFAULT-HOSTNAME="smart-expense-tracker-app.scm.azurewebsites.net" X-Forwarded-Proto="https" X-AppService-Proto="https" X-Forwarded-TlsVersion="1.3" X-WAWS-Unencoded-URL="/api/deployments/latest?deployer=OneDeploy&amp;time=2025-09-26_11-27-42Z" X-Client-IP="9.234.149.84" X-Client-Port="11297" >
  <step title="Cleanup Xml Logs" date="2025-09-26T11:29:26.938" >
    <step title="Cleanup Infos" date="2025-09-26T11:29:27.154" totalFiles="392" totalCleanup="232" /><!-- duration: 36ms -->
  </step><!-- duration: 271ms -->
  <step title="DeploymentService.GetResult" date="2025-09-26T11:29:27.297" >
    <step title="DeploymentService.GetLatestDeployment" date="2025-09-26T11:29:27.398" >
      <step title="DeploymentManager.GetResults" date="2025-09-26T11:29:27.462" /><!-- duration: 3427ms -->
    </step><!-- duration: 3537ms -->
  </step><!-- duration: 3739ms -->
  <step title="Outgoing response" date="2025-09-26T11:29:31.109" type="response" statusCode="202" statusText="Accepted" /><!-- duration: 114ms -->
</step><!-- duration: 4366ms -->
