<step title="Incoming Request" date="2025-09-26T11:28:21.082" instance="ba45b8" url="/api/deployments/latest?deployer=OneDeploy&amp;time=2025-09-26_11-27-42Z" method="GET" type="request" pid="825,1,17" Host="smart-expense-tracker-app.scm.azurewebsites.net" User-Agent="GITHUBACTIONS_DeployWebAppToAzure_5835cf6118cc5cc5f74e80598d4369c7edd831c8598f111ac95a3005d8e3812e" Authorization="Bas..." Content-Type="application/json; charset=utf-8" Cookie="ARRAffinity=ba45b830eaae19b6e165b2dfcb3947a4904073a482d7c81d6af1581103c5ad1b;Path=/;HttpOnly;Secure;Domain=smart-expense-tracker-app.scm.azurewebsites.net; ARRAffinitySameSite=ba45b830eaae19b6e165b2dfcb3947a4904073a482d7c81d6af1581103c5ad1b;Path=/;HttpOnly;SameSite=None;Secure;Domain=smart-expense-tracker-app.scm.azurewebsites.net" Content-Length="0" X-ARR-LOG-ID="e97b316b-78a5-4463-b12a-3d78826564a5" CLIENT-IP="9.234.149.84:11297" X-SITE-DEPLOYMENT-ID="smart-expense-tracker-app" WAS-DEFAULT-HOSTNAME="smart-expense-tracker-app.scm.azurewebsites.net" X-Forwarded-Proto="https" X-AppService-Proto="https" X-Forwarded-TlsVersion="1.3" X-WAWS-Unencoded-URL="/api/deployments/latest?deployer=OneDeploy&amp;time=2025-09-26_11-27-42Z" X-Client-IP="9.234.149.84" X-Client-Port="11297" >
  <step title="Cleanup Xml Logs" date="2025-09-26T11:28:21.111" >
    <step title="Cleanup Infos" date="2025-09-26T11:28:21.253" totalFiles="386" totalCleanup="226" /><!-- duration: 53ms -->
  </step><!-- duration: 259ms -->
  <step title="DeploymentService.GetResult" date="2025-09-26T11:28:21.530" >
    <step title="DeploymentService.GetLatestDeployment" date="2025-09-26T11:28:21.555" >
      <step title="DeploymentManager.GetResults" date="2025-09-26T11:28:21.582" /><!-- duration: 1825ms -->
    </step><!-- duration: 1896ms -->
  </step><!-- duration: 1938ms -->
  <step title="Outgoing response" date="2025-09-26T11:28:23.496" type="response" statusCode="202" statusText="Accepted" /><!-- duration: 12ms -->
</step><!-- duration: 2538ms -->
