<step title="Incoming Request" date="2025-09-26T11:28:48.992" instance="ba45b8" url="/api/deployments/latest?deployer=OneDeploy&amp;time=2025-09-26_11-27-42Z" method="GET" type="request" pid="825,1,21" Host="smart-expense-tracker-app.scm.azurewebsites.net" User-Agent="GITHUBACTIONS_DeployWebAppToAzure_5835cf6118cc5cc5f74e80598d4369c7edd831c8598f111ac95a3005d8e3812e" Authorization="Bas..." Content-Type="application/json; charset=utf-8" Cookie="ARRAffinity=ba45b830eaae19b6e165b2dfcb3947a4904073a482d7c81d6af1581103c5ad1b;Path=/;HttpOnly;Secure;Domain=smart-expense-tracker-app.scm.azurewebsites.net; ARRAffinitySameSite=ba45b830eaae19b6e165b2dfcb3947a4904073a482d7c81d6af1581103c5ad1b;Path=/;HttpOnly;SameSite=None;Secure;Domain=smart-expense-tracker-app.scm.azurewebsites.net" Content-Length="0" X-ARR-LOG-ID="ff897b91-633a-4f80-8f06-75e48757ca27" CLIENT-IP="9.234.149.84:11296" X-SITE-DEPLOYMENT-ID="smart-expense-tracker-app" WAS-DEFAULT-HOSTNAME="smart-expense-tracker-app.scm.azurewebsites.net" X-Forwarded-Proto="https" X-AppService-Proto="https" X-Forwarded-TlsVersion="1.3" X-WAWS-Unencoded-URL="/api/deployments/latest?deployer=OneDeploy&amp;time=2025-09-26_11-27-42Z" X-Client-IP="9.234.149.84" X-Client-Port="11296" >
  <step title="Cleanup Xml Logs" date="2025-09-26T11:28:49.079" >
    <step title="Cleanup Infos" date="2025-09-26T11:28:49.295" totalFiles="389" totalCleanup="229" /><!-- duration: 67ms -->
  </step><!-- duration: 463ms -->
  <step title="DeploymentService.GetResult" date="2025-09-26T11:28:50.096" >
    <step title="DeploymentService.GetLatestDeployment" date="2025-09-26T11:28:50.392" >
      <step title="DeploymentManager.GetResults" date="2025-09-26T11:28:50.446" /><!-- duration: 7433ms -->
    </step><!-- duration: 7663ms -->
  </step><!-- duration: 8136ms -->
  <step title="Outgoing response" date="2025-09-26T11:28:58.424" type="response" statusCode="202" statusText="Accepted" /><!-- duration: 76ms -->
</step><!-- duration: 9617ms -->
