<step title="Incoming Request" date="2025-09-24T14:23:37.207" instance="ba45b8" url="/deploy?scmType=ExternalGit&amp;isAsync=true" method="POST" type="request" pid="827,1,17" Host="smart-expense-tracker-app.scm.azurewebsites.net" User-Agent="Azure-WebSites-Controller/105.0.7.92" Authorization="Bas..." Expect="100-continue" Content-Length="91" x-ms-request-id="032c13c0-2643-4af6-b08f-d2a9fd5ab20b" X-ARR-LOG-ID="032c13c0-2643-4af6-b08f-d2a9fd5ab20b" CLIENT-IP="20.105.216.41:2570" X-SITE-DEPLOYMENT-ID="smart-expense-tracker-app" WAS-DEFAULT-HOSTNAME="smart-expense-tracker-app.scm.azurewebsites.net" X-MS-PLATFORM-INTERNAL="True" X-Forwarded-Proto="https" X-AppService-Proto="https" X-Forwarded-TlsVersion="1.3" X-WAWS-Unencoded-URL="/deploy?scmType=ExternalGit&amp;isAsync=true" X-Client-IP="20.105.216.41" X-Client-Port="2570" >
  <step title="FetchHandler" date="2025-09-24T14:23:37.405" >
    <step title="GitExeRepository.Initialize" date="2025-09-24T14:23:38.258" >
      <step title="Executing external process" date="2025-09-24T14:23:38.495" type="process" path="git" arguments="init" /><!-- duration: 2839ms -->
      <step title="Executing external process" date="2025-09-24T14:23:41.402" type="process" path="git" arguments="config core.autocrlf false" /><!-- duration: 580ms -->
      <step title="Executing external process" date="2025-09-24T14:23:42.010" type="process" path="git" arguments="config core.preloadindex true" /><!-- duration: 204ms -->
      <step title="Executing external process" date="2025-09-24T14:23:42.226" type="process" path="git" arguments="config user.name &quot;unknown&quot;" /><!-- duration: 120ms -->
      <step title="Executing external process" date="2025-09-24T14:23:42.386" type="process" path="git" arguments="config user.email &quot;unknown&quot;" /><!-- duration: 113ms -->
      <step title="Executing external process" date="2025-09-24T14:23:42.520" type="process" path="git" arguments="config filter.lfs.clean &quot;git-lfs clean %f&quot;" /><!-- duration: 311ms -->
      <step title="Executing external process" date="2025-09-24T14:23:42.850" type="process" path="git" arguments="config filter.lfs.smudge &quot;git-lfs smudge %f&quot;" /><!-- duration: 162ms -->
      <step title="Executing external process" date="2025-09-24T14:23:43.023" type="process" path="git" arguments="config filter.lfs.required true" /><!-- duration: 84ms -->
      <step title="Configure git server" date="2025-09-24T14:23:43.124" >
        <step title="Executing external process" date="2025-09-24T14:23:43.143" type="process" path="git" arguments="config receive.denyCurrentBranch ignore" /><!-- duration: 123ms -->
      </step><!-- duration: 151ms -->
      <step title="Create deny users for .git folder" date="2025-09-24T14:23:43.278" /><!-- duration: 96ms -->
      <step title="Configure git-credential" date="2025-09-24T14:23:43.391" >
        <step title="Executing external process" date="2025-09-24T14:23:43.457" type="process" path="git" arguments="config credential.helper &quot;!&apos;/home/site/repository/.git/hooks/git-credential-invalid.sh&apos;&quot;" /><!-- duration: 236ms -->
      </step><!-- duration: 319ms -->
      <step title="Setup post receive hook" date="2025-09-24T14:23:43.720" >
        <step title="Non-Windows enviroment, granting 755 permission to post-receive hook file" date="2025-09-24T14:23:43.783" /><!-- duration: 101ms -->
      </step><!-- duration: 192ms -->
    </step><!-- duration: 5664ms -->
    <step title="Executing external process" date="2025-09-24T14:23:43.931" type="process" path="git" arguments="log -n 1 main --" >
      <step title="Process dump" date="2025-09-24T14:23:44.192" exitCode="128" type="processOutput" /><!-- duration: 19ms -->
    </step><!-- duration: 289ms -->
    <step title="Start deployment in the background" date="2025-09-24T14:23:44.313" >
      <step title="Executing external process" date="2025-09-24T14:23:44.404" type="process" path="git" arguments="rev-parse --git-dir" /><!-- duration: 132ms -->
      <step title="Executing external process" date="2025-09-24T14:23:44.581" type="process" path="git" arguments="rev-parse --git-dir" /><!-- duration: 96ms -->
      <step title="Executing external process" date="2025-09-24T14:23:44.702" type="process" path="git" arguments="log -n 1 main --" >
        <step title="Process dump" date="2025-09-24T14:23:44.850" exitCode="128" type="processOutput" /><!-- duration: 11ms -->
      </step><!-- duration: 168ms -->
      <step title="Acquiring Deployment Lock" date="2025-09-24T14:23:44.904" /><!-- duration: 10ms -->
      <step title="Acquired Deployment Lock" date="2025-09-24T14:23:45.064" /><!-- duration: 35ms -->
    </step><!-- duration: 1230ms -->
  </step><!-- duration: 8378ms -->
  <step title="Outgoing response" date="2025-09-24T14:23:45.878" type="response" statusCode="202" statusText="Accepted" /><!-- duration: 19ms -->
</step><!-- duration: 8709ms -->
