<step title="Incoming Request" date="2025-09-26T10:51:09.691" instance="ba45b8" url="/api/deployments/latest?deployer=OneDeploy&amp;time=2025-09-26_10-49-57Z" method="GET" type="request" pid="824,1,26" Host="smart-expense-tracker-app.scm.azurewebsites.net" User-Agent="GITHUBACTIONS_DeployWebAppToAzure_5835cf6118cc5cc5f74e80598d4369c7edd831c8598f111ac95a3005d8e3812e" Authorization="Bas..." Content-Type="application/json; charset=utf-8" Cookie="ARRAffinity=ba45b830eaae19b6e165b2dfcb3947a4904073a482d7c81d6af1581103c5ad1b;Path=/;HttpOnly;Secure;Domain=smart-expense-tracker-app.scm.azurewebsites.net; ARRAffinitySameSite=ba45b830eaae19b6e165b2dfcb3947a4904073a482d7c81d6af1581103c5ad1b;Path=/;HttpOnly;SameSite=None;Secure;Domain=smart-expense-tracker-app.scm.azurewebsites.net" Content-Length="0" X-ARR-LOG-ID="4a68aa8f-fe43-4257-b211-1581506f1a2c" CLIENT-IP="172.214.44.50:5120" X-SITE-DEPLOYMENT-ID="smart-expense-tracker-app" WAS-DEFAULT-HOSTNAME="smart-expense-tracker-app.scm.azurewebsites.net" X-Forwarded-Proto="https" X-AppService-Proto="https" X-Forwarded-TlsVersion="1.3" X-WAWS-Unencoded-URL="/api/deployments/latest?deployer=OneDeploy&amp;time=2025-09-26_10-49-57Z" X-Client-IP="172.214.44.50" X-Client-Port="5120" >
  <step title="Cleanup Xml Logs" date="2025-09-26T10:51:09.727" >
    <step title="Cleanup Infos" date="2025-09-26T10:51:09.842" totalFiles="255" totalCleanup="95" /><!-- duration: 34ms -->
  </step><!-- duration: 190ms -->
  <step title="DeploymentService.GetResult" date="2025-09-26T10:51:09.989" >
    <step title="DeploymentService.GetLatestDeployment" date="2025-09-26T10:51:10.023" >
      <step title="DeploymentManager.GetResults" date="2025-09-26T10:51:10.031" /><!-- duration: 1068ms -->
    </step><!-- duration: 1091ms -->
  </step><!-- duration: 1134ms -->
  <step title="Outgoing response" date="2025-09-26T10:51:11.159" type="response" statusCode="202" statusText="Accepted" /><!-- duration: 27ms -->
</step><!-- duration: 1505ms -->
