<step title="Incoming Request" date="2025-09-26T11:45:16.507" instance="ba45b8" url="/api/deployments/latest?deployer=OneDeploy&amp;time=2025-09-26_11-44-14Z" method="GET" type="request" pid="823,1,20" Host="smart-expense-tracker-app.scm.azurewebsites.net" User-Agent="GITHUBACTIONS_DeployWebAppToAzure_5835cf6118cc5cc5f74e80598d4369c7edd831c8598f111ac95a3005d8e3812e" Authorization="Bas..." Content-Type="application/json; charset=utf-8" Cookie="ARRAffinity=ba45b830eaae19b6e165b2dfcb3947a4904073a482d7c81d6af1581103c5ad1b;Path=/;HttpOnly;Secure;Domain=smart-expense-tracker-app.scm.azurewebsites.net; ARRAffinitySameSite=ba45b830eaae19b6e165b2dfcb3947a4904073a482d7c81d6af1581103c5ad1b;Path=/;HttpOnly;SameSite=None;Secure;Domain=smart-expense-tracker-app.scm.azurewebsites.net" Content-Length="0" X-ARR-LOG-ID="c2821fdf-d7a4-4e92-a572-8cce31a93547" CLIENT-IP="20.236.100.2:5057" X-SITE-DEPLOYMENT-ID="smart-expense-tracker-app" WAS-DEFAULT-HOSTNAME="smart-expense-tracker-app.scm.azurewebsites.net" X-Forwarded-Proto="https" X-AppService-Proto="https" X-Forwarded-TlsVersion="1.3" X-WAWS-Unencoded-URL="/api/deployments/latest?deployer=OneDeploy&amp;time=2025-09-26_11-44-14Z" X-Client-IP="20.236.100.2" X-Client-Port="5057" >
  <step title="Cleanup Xml Logs" date="2025-09-26T11:45:16.517" >
    <step title="Cleanup Infos" date="2025-09-26T11:45:16.573" totalFiles="413" totalCleanup="253" /><!-- duration: 12ms -->
  </step><!-- duration: 76ms -->
  <step title="DeploymentService.GetResult" date="2025-09-26T11:45:16.620" >
    <step title="DeploymentService.GetLatestDeployment" date="2025-09-26T11:45:16.628" >
      <step title="DeploymentManager.GetResults" date="2025-09-26T11:45:16.695" /><!-- duration: 1135ms -->
    </step><!-- duration: 1219ms -->
  </step><!-- duration: 1240ms -->
  <step title="Outgoing response" date="2025-09-26T11:45:17.877" type="response" statusCode="202" statusText="Accepted" /><!-- duration: 9ms -->
</step><!-- duration: 1388ms -->
