<step title="Incoming Request" date="2025-09-26T11:28:03.967" instance="ba45b8" url="/api/deployments/latest?deployer=OneDeploy&amp;time=2025-09-26_11-27-42Z" method="GET" type="request" pid="825,1,17" Host="smart-expense-tracker-app.scm.azurewebsites.net" User-Agent="GITHUBACTIONS_DeployWebAppToAzure_5835cf6118cc5cc5f74e80598d4369c7edd831c8598f111ac95a3005d8e3812e" Authorization="Bas..." Content-Type="application/json; charset=utf-8" Cookie="ARRAffinity=ba45b830eaae19b6e165b2dfcb3947a4904073a482d7c81d6af1581103c5ad1b;Path=/;HttpOnly;Secure;Domain=smart-expense-tracker-app.scm.azurewebsites.net; ARRAffinitySameSite=ba45b830eaae19b6e165b2dfcb3947a4904073a482d7c81d6af1581103c5ad1b;Path=/;HttpOnly;SameSite=None;Secure;Domain=smart-expense-tracker-app.scm.azurewebsites.net" Content-Length="0" X-ARR-LOG-ID="ef554502-42de-45e3-a71b-26a9fa8f906e" CLIENT-IP="9.234.149.84:11297" X-SITE-DEPLOYMENT-ID="smart-expense-tracker-app" WAS-DEFAULT-HOSTNAME="smart-expense-tracker-app.scm.azurewebsites.net" X-Forwarded-Proto="https" X-AppService-Proto="https" X-Forwarded-TlsVersion="1.3" X-WAWS-Unencoded-URL="/api/deployments/latest?deployer=OneDeploy&amp;time=2025-09-26_11-27-42Z" X-Client-IP="9.234.149.84" X-Client-Port="11297" >
  <step title="Cleanup Xml Logs" date="2025-09-26T11:28:03.985" >
    <step title="Cleanup Infos" date="2025-09-26T11:28:04.151" totalFiles="384" totalCleanup="224" /><!-- duration: 38ms -->
  </step><!-- duration: 251ms -->
  <step title="DeploymentService.GetResult" date="2025-09-26T11:28:04.375" >
    <step title="DeploymentService.GetLatestDeployment" date="2025-09-26T11:28:04.396" >
      <step title="DeploymentManager.GetResults" date="2025-09-26T11:28:04.478" /><!-- duration: 2533ms -->
    </step><!-- duration: 2653ms -->
  </step><!-- duration: 2819ms -->
  <step title="Outgoing response" date="2025-09-26T11:28:07.295" type="response" statusCode="202" statusText="Accepted" /><!-- duration: 28ms -->
</step><!-- duration: 3423ms -->
