<step title="Incoming Request" date="2025-09-25T19:18:36.840" instance="ba45b8" url="/deploy?scmType=ExternalGit&amp;isAsync=true" method="POST" type="request" pid="829,1,7" Host="smart-expense-tracker-app.scm.azurewebsites.net" User-Agent="Azure-WebSites-Controller/105.0.7.92" Authorization="Bas..." Expect="100-continue" Content-Length="91" x-ms-request-id="ec3deb5f-710a-4bd2-9cf1-78f313b72ddb" X-ARR-LOG-ID="ec3deb5f-710a-4bd2-9cf1-78f313b72ddb" CLIENT-IP="20.105.216.41:1089" X-SITE-DEPLOYMENT-ID="smart-expense-tracker-app" WAS-DEFAULT-HOSTNAME="smart-expense-tracker-app.scm.azurewebsites.net" X-MS-PLATFORM-INTERNAL="True" X-Forwarded-Proto="https" X-AppService-Proto="https" X-Forwarded-TlsVersion="1.3" X-WAWS-Unencoded-URL="/deploy?scmType=ExternalGit&amp;isAsync=true" X-Client-IP="20.105.216.41" X-Client-Port="1089" >
  <step title="Cleanup Xml Logs" date="2025-09-25T19:18:36.843" /><!-- duration: 43ms -->
  <step title="FetchHandler" date="2025-09-25T19:18:37.065" >
    <step title="Executing external process" date="2025-09-25T19:18:37.651" type="process" path="git" arguments="rev-parse --git-dir" /><!-- duration: 234ms -->
    <step title="Executing external process" date="2025-09-25T19:18:37.976" type="process" path="git" arguments="rev-parse --git-dir" /><!-- duration: 49ms -->
    <step title="Executing external process" date="2025-09-25T19:18:38.052" type="process" path="git" arguments="log -n 1 main --" /><!-- duration: 251ms -->
    <step title="Start deployment in the background" date="2025-09-25T19:18:38.368" >
      <step title="Executing external process" date="2025-09-25T19:18:38.558" type="process" path="git" arguments="rev-parse --git-dir" /><!-- duration: 194ms -->
      <step title="Executing external process" date="2025-09-25T19:18:38.791" type="process" path="git" arguments="rev-parse --git-dir" /><!-- duration: 93ms -->
      <step title="Executing external process" date="2025-09-25T19:18:38.902" type="process" path="git" arguments="log -n 1 main --" /><!-- duration: 139ms -->
      <step title="Acquiring Deployment Lock" date="2025-09-25T19:18:39.059" /><!-- duration: 29ms -->
      <step title="Acquired Deployment Lock" date="2025-09-25T19:18:39.264" /><!-- duration: 16ms -->
    </step><!-- duration: 1353ms -->
  </step><!-- duration: 2713ms -->
  <step title="Outgoing response" date="2025-09-25T19:18:39.815" type="response" statusCode="202" statusText="Accepted" /><!-- duration: 18ms -->
</step><!-- duration: 3004ms -->
