<step title="BackgroundTrace" date="2025-09-26T11:09:32.643" instance="ba45b8" url="/api/publish" method="POST" >
  <step title="Creating temporary deployment - FetchDeploymentManager" date="2025-09-26T11:09:32.739" /><!-- duration: 4ms -->
  <step title="Creating temporary deployment" date="2025-09-26T11:09:32.747" /><!-- duration: 102ms -->
  <step title="Performing fetch based deployment" date="2025-09-26T11:09:32.903" >
    <step title="Cleaning up temp folders from previous zip deployments and extracting pushed zip file /tmp/zipdeploy/539d2bcf-8d0b-463c-9385-7872f5e470df.zip (35.81 MB) to /tmp/zipdeploy/extracted" date="2025-09-26T11:09:34.130" >
      <step title="ChmodRecursive Process exited with total time taken in ms: 291" date="2025-09-26T11:10:14.376" /><!-- duration: 11ms -->
    </step><!-- duration: 40262ms -->
    <step title="Deployment timer started" date="2025-09-26T11:10:16.425" >
      <step title="DeploymentManager.Deploy(id:c2a54816-50ae-4896-91e6-747fbfee188e)" date="2025-09-26T11:10:16.440" >
        <step title="Collecting changeset information" date="2025-09-26T11:10:16.499" /><!-- duration: 120ms -->
        <step title="Updating submodules" date="2025-09-26T11:10:16.625" /><!-- duration: 1206ms -->
        <step title="Determining deployment builder" date="2025-09-26T11:10:18.193" >
          <step title="Builder is OneDeployBuilder" date="2025-09-26T11:10:18.223" /><!-- duration: 3ms -->
        </step><!-- duration: 40ms -->
        <step title="PreDeployment: context.CleanOutputPath False" date="2025-09-26T11:10:18.322" >
          <step title="PreDeployment: context.OutputPath /home/site/wwwroot" date="2025-09-26T11:10:18.495" >
            <step title="Building" date="2025-09-26T11:10:18.711" >
              <step title="Executing external process" date="2025-09-26T11:10:19.682" type="process" path="starter.sh" arguments="/opt/Kudu/Scripts/absoluteTar.sh /tmp/zipdeploy/extracted/node_modules /tmp/zipdeploy/extracted/node_modules.tar.gz" /><!-- duration: 25795ms -->
              <step title="Executing external process" date="2025-09-26T11:10:45.879" type="process" path="starter.sh" arguments="/opt/Kudu/Scripts/parallel_rsync.sh /tmp/zipdeploy/extracted /home/site/wwwroot 8 /tmp/ False False node_modules " /><!-- duration: 7053ms -->
              <step title="Modified file to trigger a restart of the app container." date="2025-09-26T11:10:54.226" /><!-- duration: 7ms -->
              <step title="Skip function trigger and logicapp sync because function is not enabled." date="2025-09-26T11:10:54.259" /><!-- duration: 9ms -->
              <step title="Purge deployment items" date="2025-09-26T11:10:55.529" >
                <step title="Remove 9f9afd7d-, Failed, received at 09/26/2025 11:07:48" date="2025-09-26T11:10:55.668" /><!-- duration: 3ms -->
              </step><!-- duration: 146ms -->
            </step><!-- duration: 37108ms -->
          </step><!-- duration: 37327ms -->
          <step title="Cleaning up temp files" date="2025-09-26T11:10:55.828" /><!-- duration: 4ms -->
          <step title="Cleaning up temp files" date="2025-09-26T11:10:55.835" /><!-- duration: 513ms -->
          <step title="Reloading status file with latest updates" date="2025-09-26T11:10:56.418" >
            <step title="WebHooksManager.PublishEventAsync: PostDeployment" date="2025-09-26T11:10:56.431" /><!-- duration: 42ms -->
          </step><!-- duration: 59ms -->
          <step title="Cleaning up temporary deployment - fetch deployment was successful" date="2025-09-26T11:10:56.485" /><!-- duration: 3ms -->
        </step><!-- duration: 38241ms -->
      </step><!-- duration: 40147ms -->
