<step title="Incoming Request" date="2025-09-25T22:38:09.268" instance="ba45b8" url="/api/publish?async=true&amp;deployer=GITHUB_ONE_DEPLOY&amp;type=zip&amp;message=%7B%22type%22%3A%22deployment%22%2C%22sha%22%3A%220fcd81ea13561ed5fbdc592132ed29f54113d246%22%2C%22repoName%22%3A%22modosenin0%2Fsmart-expense-tracker%22%2C%22actor%22%3A%22modosenin0%22%2C%22slotName%22%3A%22production%22%2C%22commitMessage%22%3A%22Add%20Azure%20Application%20Insights%20monitoring%20and%20logging%5Cn%5Cn-%20Backend%3A%20Application%20Insights%20SDK%20with%20custom%20telemetry%20tracking%5Cn-%20Frontend%3A%20React%20Application%20Insights%20with%20API%20request%20tracking%5Cn-%20Track%20user%20events%3A%20registration%2C%20login%2C%20logout%2C%20API%20calls%5Cn-%20Track%20metrics%3A%20request%20duration%2C%20response%20times%5Cn-%20Track%20exceptions%3A%20registration%2Flogin%20errors%2C%20API%20failures%5Cn-%20Environment%20variables%3A%20Added%20APPLICATIONINSIGHTS_CONNECTION_STRING%22%7D" method="POST" type="request" pid="823,1,5" Host="smart-expense-tracker-app.scm.azurewebsites.net" User-Agent="GITHUBACTIONS_DeployWebAppToAzure_5835cf6118cc5cc5f74e80598d4369c7edd831c8598f111ac95a3005d8e3812e" Authorization="Bas..." Content-Type="application/octet-stream" Cookie="ARRAffinity=ba45b830eaae19b6e165b2dfcb3947a4904073a482d7c81d6af1581103c5ad1b;Path=/;HttpOnly;Secure;Domain=smart-expense-tracker-app.scm.azurewebsites.net; ARRAffinitySameSite=ba45b830eaae19b6e165b2dfcb3947a4904073a482d7c81d6af1581103c5ad1b;Path=/;HttpOnly;SameSite=None;Secure;Domain=smart-expense-tracker-app.scm.azurewebsites.net" Transfer-Encoding="chunked" X-ARR-LOG-ID="796ad7b0-837a-4a63-b1c8-b47244ff24d4" CLIENT-IP="20.25.153.49:16392" X-SITE-DEPLOYMENT-ID="smart-expense-tracker-app" WAS-DEFAULT-HOSTNAME="smart-expense-tracker-app.scm.azurewebsites.net" X-Forwarded-Proto="https" X-AppService-Proto="https" X-Forwarded-TlsVersion="1.3" X-WAWS-Unencoded-URL="/api/publish?async=true&amp;deployer=GITHUB_ONE_DEPLOY&amp;type=zip&amp;message=%7B%22type%22%3A%22deployment%22%2C%22sha%22%3A%220fcd81ea13561ed5fbdc592132ed29f54113d246%22%2C%22repoName%22%3A%22modosenin0%2Fsmart-expense-tracker%22%2C%22actor%22%3A%22modosenin0%22%2C%22slotName%22%3A%22production%22%2C%22commitMessage%22%3A%22Add%20Azure%20Application%20Insights%20monitoring%20and%20logging%5Cn%5Cn-%20Backend%3A%20Application%20Insights%20SDK%20with%20custom%20telemetry%20tracking%5Cn-%20Frontend%3A%20React%20Application%20Insights%20with%20API%20request%20tracking%5Cn-%20Track%20user%20events%3A%20registration%2C%20login%2C%20logout%2C%20API%20calls%5Cn-%20Track%20metrics%3A%20request%20duration%2C%20response%20times%5Cn-%20Track%20exceptions%3A%20registration%2Flogin%20errors%2C%20API%20failures%5Cn-%20Environment%20variables%3A%20Added%20APPLICATIONINSIGHTS_CONNECTION_STRING%22%7D" X-Client-IP="20.25.153.49" X-Client-Port="16392" >
  <step title="OneDeploy" date="2025-09-25T22:38:09.367" >
    <step title="Starting PushDeployAsync" date="2025-09-25T22:38:09.393" /><!-- duration: 4ms -->
    <step title="Removing node_modules symlink" date="2025-09-25T22:38:09.429" >
      <step title="Writing artifact to /tmp/zipdeploy/414d7373-1ec0-4f04-8f59-5e296f66d4bc.zip" date="2025-09-25T22:38:09.630" >
        <step title="Writing multipart request body to /tmp/zipdeploy/414d7373-1ec0-4f04-8f59-5e296f66d4bc.zip" date="2025-09-25T22:38:09.671" /><!-- duration: 18ms -->
      </step><!-- duration: 2517ms -->
      <step title="Start deployment in the background" date="2025-09-25T22:38:12.243" >
        <step title="Acquiring Deployment Lock" date="2025-09-25T22:38:12.455" /><!-- duration: 10ms -->
        <step title="Acquired Deployment Lock" date="2025-09-25T22:38:12.542" /><!-- duration: 10ms -->
      </step><!-- duration: 649ms -->
    </step><!-- duration: 3513ms -->
    <step title="Outgoing response" date="2025-09-25T22:38:12.966" type="response" statusCode="202" statusText="Accepted" /><!-- duration: 14ms -->
  </step><!-- duration: 3624ms -->
