<step title="Incoming Request" date="2025-09-26T11:46:38.504" instance="ba45b8" url="/api/deployments/latest?deployer=OneDeploy&amp;time=2025-09-26_11-44-14Z" method="GET" type="request" pid="823,1,18" Host="smart-expense-tracker-app.scm.azurewebsites.net" User-Agent="GITHUBACTIONS_DeployWebAppToAzure_5835cf6118cc5cc5f74e80598d4369c7edd831c8598f111ac95a3005d8e3812e" Authorization="Bas..." Content-Type="application/json; charset=utf-8" Cookie="ARRAffinity=ba45b830eaae19b6e165b2dfcb3947a4904073a482d7c81d6af1581103c5ad1b;Path=/;HttpOnly;Secure;Domain=smart-expense-tracker-app.scm.azurewebsites.net; ARRAffinitySameSite=ba45b830eaae19b6e165b2dfcb3947a4904073a482d7c81d6af1581103c5ad1b;Path=/;HttpOnly;SameSite=None;Secure;Domain=smart-expense-tracker-app.scm.azurewebsites.net" Content-Length="0" X-ARR-LOG-ID="e88e3646-8662-462c-be91-9cb5b50b769f" CLIENT-IP="20.236.100.2:5056" X-SITE-DEPLOYMENT-ID="smart-expense-tracker-app" WAS-DEFAULT-HOSTNAME="smart-expense-tracker-app.scm.azurewebsites.net" X-Forwarded-Proto="https" X-AppService-Proto="https" X-Forwarded-TlsVersion="1.3" X-WAWS-Unencoded-URL="/api/deployments/latest?deployer=OneDeploy&amp;time=2025-09-26_11-44-14Z" X-Client-IP="20.236.100.2" X-Client-Port="5056" >
  <step title="Cleanup Xml Logs" date="2025-09-26T11:46:38.522" >
    <step title="Cleanup Infos" date="2025-09-26T11:46:38.724" totalFiles="424" totalCleanup="264" /><!-- duration: 318ms -->
  </step><!-- duration: 554ms -->
  <step title="DeploymentService.GetResult" date="2025-09-26T11:46:39.132" >
    <step title="DeploymentService.GetLatestDeployment" date="2025-09-26T11:46:39.159" >
      <step title="DeploymentManager.GetResults" date="2025-09-26T11:46:39.179" /><!-- duration: 2259ms -->
    </step><!-- duration: 2363ms -->
  </step><!-- duration: 2444ms -->
  <step title="Outgoing response" date="2025-09-26T11:46:41.614" type="response" statusCode="202" statusText="Accepted" /><!-- duration: 36ms -->
</step><!-- duration: 3201ms -->
