<step title="Incoming Request" date="2025-09-25T22:51:43.403" instance="ba45b8" url="/api/publish?async=true&amp;deployer=GITHUB_ONE_DEPLOY&amp;type=zip&amp;message=%7B%22type%22%3A%22deployment%22%2C%22sha%22%3A%22f7fb3887439cf5c236d4de231af39f4c69c9afba%22%2C%22repoName%22%3A%22modosenin0%2Fsmart-expense-tracker%22%2C%22actor%22%3A%22modosenin0%22%2C%22slotName%22%3A%22production%22%2C%22commitMessage%22%3A%22Clean%20up%20repository%3A%20Add%20comprehensive%20.gitignore%20and%20remove%20node_modules%20from%20tracking%5Cn%5Cn-%20Added%20.gitignore%20with%20comprehensive%20exclusions%20for%20node_modules%2C%20build%20artifacts%2C%20logs%2C%20and%20environment%20files%5Cn-%20Removed%20all%20previously%20tracked%20node_modules%20files%20from%20version%20control%5Cn-%20Updated%20backend%20.env%20and%20GitHub%20Actions%20workflow%5Cn-%20Repository%20is%20now%20clean%20and%20ready%20for%20proper%20deployment%22%7D" method="POST" type="request" pid="823,1,41" Host="smart-expense-tracker-app.scm.azurewebsites.net" User-Agent="GITHUBACTIONS_DeployWebAppToAzure_5835cf6118cc5cc5f74e80598d4369c7edd831c8598f111ac95a3005d8e3812e" Authorization="Bas..." Content-Type="application/octet-stream" Cookie="ARRAffinity=ba45b830eaae19b6e165b2dfcb3947a4904073a482d7c81d6af1581103c5ad1b;Path=/;HttpOnly;Secure;Domain=smart-expense-tracker-app.scm.azurewebsites.net; ARRAffinitySameSite=ba45b830eaae19b6e165b2dfcb3947a4904073a482d7c81d6af1581103c5ad1b;Path=/;HttpOnly;SameSite=None;Secure;Domain=smart-expense-tracker-app.scm.azurewebsites.net" Transfer-Encoding="chunked" X-ARR-LOG-ID="1405fdc7-81cd-4b8c-af0b-85fdb8596f6c" CLIENT-IP="64.236.176.150:6208" X-SITE-DEPLOYMENT-ID="smart-expense-tracker-app" WAS-DEFAULT-HOSTNAME="smart-expense-tracker-app.scm.azurewebsites.net" X-Forwarded-Proto="https" X-AppService-Proto="https" X-Forwarded-TlsVersion="1.3" X-WAWS-Unencoded-URL="/api/publish?async=true&amp;deployer=GITHUB_ONE_DEPLOY&amp;type=zip&amp;message=%7B%22type%22%3A%22deployment%22%2C%22sha%22%3A%22f7fb3887439cf5c236d4de231af39f4c69c9afba%22%2C%22repoName%22%3A%22modosenin0%2Fsmart-expense-tracker%22%2C%22actor%22%3A%22modosenin0%22%2C%22slotName%22%3A%22production%22%2C%22commitMessage%22%3A%22Clean%20up%20repository%3A%20Add%20comprehensive%20.gitignore%20and%20remove%20node_modules%20from%20tracking%5Cn%5Cn-%20Added%20.gitignore%20with%20comprehensive%20exclusions%20for%20node_modules%2C%20build%20artifacts%2C%20logs%2C%20and%20environment%20files%5Cn-%20Removed%20all%20previously%20tracked%20node_modules%20files%20from%20version%20control%5Cn-%20Updated%20backend%20.env%20and%20GitHub%20Actions%20workflow%5Cn-%20Repository%20is%20now%20clean%20and%20ready%20for%20proper%20deployment%22%7D" X-Client-IP="64.236.176.150" X-Client-Port="6208" >
  <step title="OneDeploy" date="2025-09-25T22:51:43.453" >
    <step title="Starting PushDeployAsync" date="2025-09-25T22:51:43.475" /><!-- duration: 5ms -->
    <step title="Removing node_modules symlink" date="2025-09-25T22:51:43.503" >
      <step title="Writing artifact to /tmp/zipdeploy/3494743c-ec2b-4ecd-929c-d2222e53067a.zip" date="2025-09-25T22:51:43.639" >
        <step title="Writing multipart request body to /tmp/zipdeploy/3494743c-ec2b-4ecd-929c-d2222e53067a.zip" date="2025-09-25T22:51:43.675" /><!-- duration: 22ms -->
      </step><!-- duration: 2116ms -->
      <step title="Start deployment in the background" date="2025-09-25T22:51:45.802" >
        <step title="Acquiring Deployment Lock" date="2025-09-25T22:51:45.928" /><!-- duration: 29ms -->
        <step title="Acquired Deployment Lock" date="2025-09-25T22:51:46.074" /><!-- duration: 4ms -->
      </step><!-- duration: 668ms -->
    </step><!-- duration: 3031ms -->
    <step title="Outgoing response" date="2025-09-25T22:51:46.550" type="response" statusCode="202" statusText="Accepted" /><!-- duration: 4ms -->
  </step><!-- duration: 3104ms -->
