<step title="Incoming Request" date="2025-09-26T11:09:39.558" instance="ba45b8" url="/api/deployments/latest?deployer=OneDeploy&amp;time=2025-09-26_11-09-32Z" method="GET" type="request" pid="822,1,36" Host="smart-expense-tracker-app.scm.azurewebsites.net" User-Agent="GITHUBACTIONS_DeployWebAppToAzure_5835cf6118cc5cc5f74e80598d4369c7edd831c8598f111ac95a3005d8e3812e" Authorization="Bas..." Content-Type="application/json; charset=utf-8" Cookie="ARRAffinity=ba45b830eaae19b6e165b2dfcb3947a4904073a482d7c81d6af1581103c5ad1b;Path=/;HttpOnly;Secure;Domain=smart-expense-tracker-app.scm.azurewebsites.net; ARRAffinitySameSite=ba45b830eaae19b6e165b2dfcb3947a4904073a482d7c81d6af1581103c5ad1b;Path=/;HttpOnly;SameSite=None;Secure;Domain=smart-expense-tracker-app.scm.azurewebsites.net" Content-Length="0" X-ARR-LOG-ID="00662b6e-d90c-4474-9343-74da00dbed21" CLIENT-IP="68.154.54.41:47145" X-SITE-DEPLOYMENT-ID="smart-expense-tracker-app" WAS-DEFAULT-HOSTNAME="smart-expense-tracker-app.scm.azurewebsites.net" X-Forwarded-Proto="https" X-AppService-Proto="https" X-Forwarded-TlsVersion="1.3" X-WAWS-Unencoded-URL="/api/deployments/latest?deployer=OneDeploy&amp;time=2025-09-26_11-09-32Z" X-Client-IP="68.154.54.41" X-Client-Port="47145" >
  <step title="Cleanup Xml Logs" date="2025-09-26T11:09:39.569" >
    <step title="Cleanup Infos" date="2025-09-26T11:09:39.607" totalFiles="276" totalCleanup="116" /><!-- duration: 27ms -->
  </step><!-- duration: 98ms -->
  <step title="DeploymentService.GetResult" date="2025-09-26T11:09:39.708" >
    <step title="DeploymentService.GetLatestDeployment" date="2025-09-26T11:09:39.724" >
      <step title="DeploymentManager.GetResults" date="2025-09-26T11:09:39.744" /><!-- duration: 1185ms -->
    </step><!-- duration: 1216ms -->
  </step><!-- duration: 1248ms -->
  <step title="Outgoing response" date="2025-09-26T11:09:40.975" type="response" statusCode="202" statusText="Accepted" /><!-- duration: 17ms -->
</step><!-- duration: 1443ms -->
