<step title="Incoming Request" date="2025-09-26T11:22:37.311" instance="ba45b8" url="/api/deployments/latest?deployer=GitHub&amp;time=2025-09-26_11-15-17Z" method="GET" type="request" pid="823,1,15" Host="smart-expense-tracker-app.scm.azurewebsites.net" User-Agent="Azure-WebSites-Controller/105.0.7.92" Authorization="Bas..." x-ms-request-id="6b6b25d8-b99f-4a3f-9225-4e234b8171fe" X-ARR-LOG-ID="6b6b25d8-b99f-4a3f-9225-4e234b8171fe" CLIENT-IP="20.105.216.41:1544" X-SITE-DEPLOYMENT-ID="smart-expense-tracker-app" WAS-DEFAULT-HOSTNAME="smart-expense-tracker-app.scm.azurewebsites.net" X-MS-PLATFORM-INTERNAL="True" X-Forwarded-Proto="https" X-AppService-Proto="https" X-Forwarded-TlsVersion="1.3" X-WAWS-Unencoded-URL="/api/deployments/latest?deployer=GitHub&amp;time=2025-09-26_11-15-17Z" X-Client-IP="20.105.216.41" X-Client-Port="1544" >
  <step title="Cleanup Xml Logs" date="2025-09-26T11:22:37.368" >
    <step title="Cleanup Infos" date="2025-09-26T11:22:37.487" totalFiles="370" totalCleanup="210" /><!-- duration: 61ms -->
  </step><!-- duration: 245ms -->
  <step title="DeploymentService.GetResult" date="2025-09-26T11:22:37.863" >
    <step title="DeploymentService.GetLatestDeployment" date="2025-09-26T11:22:37.900" >
      <step title="DeploymentManager.GetResults" date="2025-09-26T11:22:37.928" /><!-- duration: 1661ms -->
    </step><!-- duration: 1756ms -->
  </step><!-- duration: 1855ms -->
  <step title="Outgoing response" date="2025-09-26T11:22:39.749" type="response" statusCode="202" statusText="Accepted" /><!-- duration: 66ms -->
</step><!-- duration: 2567ms -->
