<step title="Incoming Request" date="2025-09-26T10:18:16.988" instance="ba45b8" url="/api/deployments/latest?deployer=OneDeploy&amp;time=2025-09-26_10-16-40Z" method="GET" type="request" pid="824,1,15" Host="smart-expense-tracker-app.scm.azurewebsites.net" User-Agent="GITHUBACTIONS_DeployWebAppToAzure_5835cf6118cc5cc5f74e80598d4369c7edd831c8598f111ac95a3005d8e3812e" Authorization="Bas..." Content-Type="application/json; charset=utf-8" Cookie="ARRAffinity=ba45b830eaae19b6e165b2dfcb3947a4904073a482d7c81d6af1581103c5ad1b;Path=/;HttpOnly;Secure;Domain=smart-expense-tracker-app.scm.azurewebsites.net; ARRAffinitySameSite=ba45b830eaae19b6e165b2dfcb3947a4904073a482d7c81d6af1581103c5ad1b;Path=/;HttpOnly;SameSite=None;Secure;Domain=smart-expense-tracker-app.scm.azurewebsites.net" Content-Length="0" X-ARR-LOG-ID="b6544c84-087a-4306-8efd-97738e2be44b" CLIENT-IP="52.161.82.101:36915" X-SITE-DEPLOYMENT-ID="smart-expense-tracker-app" WAS-DEFAULT-HOSTNAME="smart-expense-tracker-app.scm.azurewebsites.net" X-Forwarded-Proto="https" X-AppService-Proto="https" X-Forwarded-TlsVersion="1.3" X-WAWS-Unencoded-URL="/api/deployments/latest?deployer=OneDeploy&amp;time=2025-09-26_10-16-40Z" X-Client-IP="52.161.82.101" X-Client-Port="36915" >
  <step title="Cleanup Xml Logs" date="2025-09-26T10:18:17.002" >
    <step title="Cleanup Infos" date="2025-09-26T10:18:17.040" totalFiles="200" totalCleanup="40" /><!-- duration: 29ms -->
  </step><!-- duration: 74ms -->
  <step title="DeploymentService.GetResult" date="2025-09-26T10:18:17.087" >
    <step title="DeploymentService.GetLatestDeployment" date="2025-09-26T10:18:17.093" >
      <step title="DeploymentManager.GetResults" date="2025-09-26T10:18:17.099" /><!-- duration: 1151ms -->
    </step><!-- duration: 1186ms -->
  </step><!-- duration: 1274ms -->
  <step title="Outgoing response" date="2025-09-26T10:18:18.451" type="response" statusCode="202" statusText="Accepted" /><!-- duration: 31ms -->
</step><!-- duration: 1511ms -->
