﻿<?xml version="1.0" encoding="utf-8"?>
<deployment>
  <id>8ba7ab73-e882-4812-8c3c-5cc37355a4a8</id>
  <author>N/A</author>
  <deployer>OneDeploy</deployer>
  <authorEmail>N/A</authorEmail>
  <message>OneDeploy</message>
  <progress></progress>
  <status>Success</status>
  <statusText></statusText>
  <lastSuccessEndTime>2025-09-26T10:18:27.2255218Z</lastSuccessEndTime>
  <receivedTime>2025-09-26T10:17:40.9623155Z</receivedTime>
  <startTime>2025-09-26T10:17:43.0621462Z</startTime>
  <endTime>2025-09-26T10:18:27.2255218Z</endTime>
  <complete>True</complete>
  <is_temp>False</is_temp>
  <is_readonly>True</is_readonly>
  <buildSummary />
</deployment>