<step title="Incoming Request" date="2025-09-25T19:28:48.871" instance="ba45b8" url="/api/scm" method="DELETE" type="request" pid="823,1,5" Host="smart-expense-tracker-app.scm.azurewebsites.net" User-Agent="Azure-WebSites-Controller/105.0.7.92" Authorization="Bas..." x-ms-request-id="2acdb143-d8a2-4987-8a07-eaa40c4e0f50" X-ARR-LOG-ID="2acdb143-d8a2-4987-8a07-eaa40c4e0f50" CLIENT-IP="20.105.216.41:1544" X-SITE-DEPLOYMENT-ID="smart-expense-tracker-app" WAS-DEFAULT-HOSTNAME="smart-expense-tracker-app.scm.azurewebsites.net" X-MS-PLATFORM-INTERNAL="True" X-Forwarded-Proto="https" X-AppService-Proto="https" X-Forwarded-TlsVersion="1.3" X-WAWS-Unencoded-URL="/api/scm" X-Client-IP="20.105.216.41" X-Client-Port="1544" >
  <step title="Acquiring Deployment Lock" date="2025-09-25T19:28:48.899" /><!-- duration: 5ms -->
  <step title="Acquired Deployment Lock" date="2025-09-25T19:28:48.945" /><!-- duration: 3ms -->
  <step title="Deleting repository" date="2025-09-25T19:28:48.951" /><!-- duration: 2099ms -->
  <step title="Delete auto swap lock file" date="2025-09-25T19:28:51.054" /><!-- duration: 4ms -->
  <step title="Deleting ssh key" date="2025-09-25T19:28:51.064" /><!-- duration: 12ms -->
  <step title="Updating initial deployment manifest" date="2025-09-25T19:28:51.079" /><!-- duration: 65ms -->
  <step title="Deleting deployment cache" date="2025-09-25T19:28:51.146" /><!-- duration: 37ms -->
  <step title="Releasing Deployment Lock" date="2025-09-25T19:28:51.190" /><!-- duration: 3ms -->
  <step title="Outgoing response" date="2025-09-25T19:28:51.205" type="response" statusCode="200" statusText="OK" /><!-- duration: 7ms -->
</step><!-- duration: 2343ms -->
