<step title="BackgroundTrace" date="2025-09-26T10:28:23.385" instance="ba45b8" url="/api/publish" method="POST" >
  <step title="Cleanup Xml Logs" date="2025-09-26T10:28:23.390" >
    <step title="Cleanup Infos" date="2025-09-26T10:28:23.403" totalFiles="211" totalCleanup="51" /><!-- duration: 6ms -->
  </step><!-- duration: 25ms -->
  <step title="Creating temporary deployment - FetchDeploymentManager" date="2025-09-26T10:28:23.518" /><!-- duration: 3ms -->
  <step title="Creating temporary deployment" date="2025-09-26T10:28:23.530" /><!-- duration: 400ms -->
  <step title="Performing fetch based deployment" date="2025-09-26T10:28:23.987" >
    <step title="Cleaning up temp folders from previous zip deployments and extracting pushed zip file /tmp/zipdeploy/c0cf471d-87e4-45cf-a8ae-fd942ece7809.zip (35.81 MB) to /tmp/zipdeploy/extracted" date="2025-09-26T10:28:25.278" >
      <step title="ChmodRecursive Process exited with total time taken in ms: 978" date="2025-09-26T10:29:07.983" /><!-- duration: 6ms -->
    </step><!-- duration: 42723ms -->
    <step title="Deployment timer started" date="2025-09-26T10:29:10.040" >
      <step title="DeploymentManager.Deploy(id:d3a84a06-ba24-4a09-aff4-ba2947535203)" date="2025-09-26T10:29:10.064" >
        <step title="Collecting changeset information" date="2025-09-26T10:29:10.168" /><!-- duration: 470ms -->
        <step title="Updating submodules" date="2025-09-26T10:29:10.678" /><!-- duration: 1319ms -->
        <step title="Determining deployment builder" date="2025-09-26T10:29:12.350" >
          <step title="Builder is OneDeployBuilder" date="2025-09-26T10:29:12.383" /><!-- duration: 4ms -->
        </step><!-- duration: 41ms -->
        <step title="PreDeployment: context.CleanOutputPath False" date="2025-09-26T10:29:12.477" >
          <step title="PreDeployment: context.OutputPath /home/site/wwwroot" date="2025-09-26T10:29:12.629" >
            <step title="Building" date="2025-09-26T10:29:12.855" >
              <step title="Executing external process" date="2025-09-26T10:29:14.360" type="process" path="starter.sh" arguments="/opt/Kudu/Scripts/absoluteTar.sh /tmp/zipdeploy/extracted/node_modules /tmp/zipdeploy/extracted/node_modules.tar.gz" /><!-- duration: 30014ms -->
              <step title="Executing external process" date="2025-09-26T10:29:44.787" type="process" path="starter.sh" arguments="/opt/Kudu/Scripts/parallel_rsync.sh /tmp/zipdeploy/extracted /home/site/wwwroot 8 /tmp/ False False node_modules " /><!-- duration: 7201ms -->
              <step title="Modified file to trigger a restart of the app container." date="2025-09-26T10:29:53.130" /><!-- duration: 23ms -->
              <step title="Skip function trigger and logicapp sync because function is not enabled." date="2025-09-26T10:29:53.183" /><!-- duration: 8ms -->
            </step><!-- duration: 42114ms -->
          </step><!-- duration: 42346ms -->
          <step title="Cleaning up temp files" date="2025-09-26T10:29:54.979" /><!-- duration: 45ms -->
          <step title="Cleaning up temp files" date="2025-09-26T10:29:55.029" /><!-- duration: 542ms -->
          <step title="Reloading status file with latest updates" date="2025-09-26T10:29:55.632" >
            <step title="WebHooksManager.PublishEventAsync: PostDeployment" date="2025-09-26T10:29:55.641" /><!-- duration: 113ms -->
          </step><!-- duration: 127ms -->
          <step title="Cleaning up temporary deployment - fetch deployment was successful" date="2025-09-26T10:29:55.765" /><!-- duration: 3ms -->
        </step><!-- duration: 43406ms -->
      </step><!-- duration: 45835ms -->
