<step title="Incoming Request" date="2025-09-26T10:49:54.941" instance="ba45b8" url="/api/publish?async=true&amp;deployer=GITHUB_ONE_DEPLOY&amp;type=zip&amp;message=%7B%22type%22%3A%22deployment%22%2C%22sha%22%3A%22e0eec6f9d9037f2560aa6444ecd1b741c9944c94%22%2C%22repoName%22%3A%22modosenin0%2Fsmart-expense-tracker%22%2C%22actor%22%3A%22modosenin0%22%2C%22slotName%22%3A%22production%22%2C%22commitMessage%22%3A%22Fix%20Key%20Vault%20configuration%20and%20startup%20issues%5Cn%5Cn-%20Update%20KeyVault%20manager%20to%20use%20AZURE_KEY_VAULT_URL%20instead%20of%20KEY_VAULT_NAME%5Cn-%20Add%20fallback%20configuration%20using%20environment%20variables%5Cn-%20Improve%20error%20handling%20and%20logging%20during%20initialization%5Cn-%20Add%20graceful%20degradation%20when%20Key%20Vault%20is%20unavailable%5Cn-%20Fix%20startup%20issues%20causing%20container%20termination%22%7D" method="POST" type="request" pid="824,1,32" Host="smart-expense-tracker-app.scm.azurewebsites.net" User-Agent="GITHUBACTIONS_DeployWebAppToAzure_5835cf6118cc5cc5f74e80598d4369c7edd831c8598f111ac95a3005d8e3812e" Authorization="Bas..." Content-Type="application/octet-stream" Cookie="ARRAffinity=ba45b830eaae19b6e165b2dfcb3947a4904073a482d7c81d6af1581103c5ad1b;Path=/;HttpOnly;Secure;Domain=smart-expense-tracker-app.scm.azurewebsites.net; ARRAffinitySameSite=ba45b830eaae19b6e165b2dfcb3947a4904073a482d7c81d6af1581103c5ad1b;Path=/;HttpOnly;SameSite=None;Secure;Domain=smart-expense-tracker-app.scm.azurewebsites.net" Transfer-Encoding="chunked" X-ARR-LOG-ID="a109ab70-e73a-415c-ac23-43632cc33b63" CLIENT-IP="172.214.44.50:5120" X-SITE-DEPLOYMENT-ID="smart-expense-tracker-app" WAS-DEFAULT-HOSTNAME="smart-expense-tracker-app.scm.azurewebsites.net" X-Forwarded-Proto="https" X-AppService-Proto="https" X-Forwarded-TlsVersion="1.3" X-WAWS-Unencoded-URL="/api/publish?async=true&amp;deployer=GITHUB_ONE_DEPLOY&amp;type=zip&amp;message=%7B%22type%22%3A%22deployment%22%2C%22sha%22%3A%22e0eec6f9d9037f2560aa6444ecd1b741c9944c94%22%2C%22repoName%22%3A%22modosenin0%2Fsmart-expense-tracker%22%2C%22actor%22%3A%22modosenin0%22%2C%22slotName%22%3A%22production%22%2C%22commitMessage%22%3A%22Fix%20Key%20Vault%20configuration%20and%20startup%20issues%5Cn%5Cn-%20Update%20KeyVault%20manager%20to%20use%20AZURE_KEY_VAULT_URL%20instead%20of%20KEY_VAULT_NAME%5Cn-%20Add%20fallback%20configuration%20using%20environment%20variables%5Cn-%20Improve%20error%20handling%20and%20logging%20during%20initialization%5Cn-%20Add%20graceful%20degradation%20when%20Key%20Vault%20is%20unavailable%5Cn-%20Fix%20startup%20issues%20causing%20container%20termination%22%7D" X-Client-IP="172.214.44.50" X-Client-Port="5120" >
  <step title="OneDeploy" date="2025-09-26T10:49:55.046" >
    <step title="None repository commit" date="2025-09-26T10:49:55.116" >
      <step title="Commit id: a582714b-0dd4-4826-be5b-80183e31ca6f" date="2025-09-26T10:49:55.121" Message="N/A" AuthorName="N/A" AuthorEmail="N/A" /><!-- duration: 3ms -->
    </step><!-- duration: 13ms -->
    <step title="Starting PushDeployAsync" date="2025-09-26T10:49:55.132" /><!-- duration: 4ms -->
    <step title="Removing node_modules symlink" date="2025-09-26T10:49:55.197" >
      <step title="Removing _del_node_modules symlink" date="2025-09-26T10:49:55.484" >
        <step title="Writing artifact to /tmp/zipdeploy/3bc9fb20-fbd7-4311-a5b0-54bd4f734b11.zip" date="2025-09-26T10:49:55.591" >
          <step title="Writing multipart request body to /tmp/zipdeploy/3bc9fb20-fbd7-4311-a5b0-54bd4f734b11.zip" date="2025-09-26T10:49:55.602" /><!-- duration: 17ms -->
        </step><!-- duration: 1724ms -->
        <step title="Start deployment in the background" date="2025-09-26T10:49:57.351" >
          <step title="Acquiring Deployment Lock" date="2025-09-26T10:49:57.414" /><!-- duration: 27ms -->
          <step title="Acquired Deployment Lock" date="2025-09-26T10:49:57.533" /><!-- duration: 4ms -->
        </step><!-- duration: 509ms -->
      </step><!-- duration: 2413ms -->
      <step title="Outgoing response" date="2025-09-26T10:49:57.910" type="response" statusCode="202" statusText="Accepted" /><!-- duration: 3ms -->
    </step><!-- duration: 2719ms -->
