<step title="BackgroundTrace" date="2025-09-26T10:49:57.366" instance="ba45b8" url="/api/publish" method="POST" >
  <step title="Cleanup Xml Logs" date="2025-09-26T10:49:57.376" >
    <step title="Cleanup Infos" date="2025-09-26T10:49:57.390" totalFiles="244" totalCleanup="84" /><!-- duration: 6ms -->
  </step><!-- duration: 28ms -->
  <step title="Creating temporary deployment - FetchDeploymentManager" date="2025-09-26T10:49:57.541" /><!-- duration: 4ms -->
  <step title="Creating temporary deployment" date="2025-09-26T10:49:57.551" /><!-- duration: 303ms -->
  <step title="Performing fetch based deployment" date="2025-09-26T10:49:57.934" >
    <step title="Cleaning up temp folders from previous zip deployments and extracting pushed zip file /tmp/zipdeploy/3bc9fb20-fbd7-4311-a5b0-54bd4f734b11.zip (35.81 MB) to /tmp/zipdeploy/extracted" date="2025-09-26T10:49:59.244" >
      <step title="ChmodRecursive Process exited with total time taken in ms: 911" date="2025-09-26T10:50:51.676" /><!-- duration: 10ms -->
    </step><!-- duration: 52452ms -->
    <step title="Deployment timer started" date="2025-09-26T10:50:53.826" >
      <step title="DeploymentManager.Deploy(id:a582714b-0dd4-4826-be5b-80183e31ca6f)" date="2025-09-26T10:50:53.872" >
        <step title="Collecting changeset information" date="2025-09-26T10:50:54.095" /><!-- duration: 236ms -->
        <step title="Updating submodules" date="2025-09-26T10:50:54.378" /><!-- duration: 1450ms -->
        <step title="Determining deployment builder" date="2025-09-26T10:50:57.537" >
          <step title="Builder is OneDeployBuilder" date="2025-09-26T10:50:57.653" /><!-- duration: 9ms -->
        </step><!-- duration: 163ms -->
        <step title="PreDeployment: context.CleanOutputPath False" date="2025-09-26T10:50:57.843" >
          <step title="PreDeployment: context.OutputPath /home/site/wwwroot" date="2025-09-26T10:50:58.134" >
            <step title="Building" date="2025-09-26T10:50:58.589" >
              <step title="Executing external process" date="2025-09-26T10:51:00.700" type="process" path="starter.sh" arguments="/opt/Kudu/Scripts/absoluteTar.sh /tmp/zipdeploy/extracted/node_modules /tmp/zipdeploy/extracted/node_modules.tar.gz" 