<step title="Incoming Request" date="2025-09-26T10:50:18.743" instance="ba45b8" url="/api/deployments/latest?deployer=OneDeploy&amp;time=2025-09-26_10-49-57Z" method="GET" type="request" pid="824,1,25" Host="smart-expense-tracker-app.scm.azurewebsites.net" User-Agent="GITHUBACTIONS_DeployWebAppToAzure_5835cf6118cc5cc5f74e80598d4369c7edd831c8598f111ac95a3005d8e3812e" Authorization="Bas..." Content-Type="application/json; charset=utf-8" Cookie="ARRAffinity=ba45b830eaae19b6e165b2dfcb3947a4904073a482d7c81d6af1581103c5ad1b;Path=/;HttpOnly;Secure;Domain=smart-expense-tracker-app.scm.azurewebsites.net; ARRAffinitySameSite=ba45b830eaae19b6e165b2dfcb3947a4904073a482d7c81d6af1581103c5ad1b;Path=/;HttpOnly;SameSite=None;Secure;Domain=smart-expense-tracker-app.scm.azurewebsites.net" Content-Length="0" X-ARR-LOG-ID="5aec6ebe-5e8b-400a-b954-a4e3697cd688" CLIENT-IP="172.214.44.50:5121" X-SITE-DEPLOYMENT-ID="smart-expense-tracker-app" WAS-DEFAULT-HOSTNAME="smart-expense-tracker-app.scm.azurewebsites.net" X-Forwarded-Proto="https" X-AppService-Proto="https" X-Forwarded-TlsVersion="1.3" X-WAWS-Unencoded-URL="/api/deployments/latest?deployer=OneDeploy&amp;time=2025-09-26_10-49-57Z" X-Client-IP="172.214.44.50" X-Client-Port="5121" >
  <step title="Cleanup Xml Logs" date="2025-09-26T10:50:18.755" >
    <step title="Cleanup Infos" date="2025-09-26T10:50:18.770" totalFiles="248" totalCleanup="88" /><!-- duration: 7ms -->
  </step><!-- duration: 25ms -->
  <step title="DeploymentService.GetResult" date="2025-09-26T10:50:18.787" >
    <step title="DeploymentService.GetLatestDeployment" date="2025-09-26T10:50:18.791" >
      <step title="DeploymentManager.GetResults" date="2025-09-26T10:50:18.800" /><!-- duration: 777ms -->
    </step><!-- duration: 906ms -->
  </step><!-- duration: 914ms -->
  <step title="Outgoing response" date="2025-09-26T10:50:19.706" type="response" statusCode="202" statusText="Accepted" /><!-- duration: 5ms -->
</step><!-- duration: 971ms -->
