<step title="BackgroundTrace" date="2025-09-26T10:16:39.922" instance="ba45b8" url="/api/publish" method="POST" >
  <step title="Cleanup Xml Logs" date="2025-09-26T10:16:39.932" /><!-- duration: 27ms -->
  <step title="Creating temporary deployment - FetchDeploymentManager" date="2025-09-26T10:16:40.124" /><!-- duration: 4ms -->
  <step title="Creating temporary deployment" date="2025-09-26T10:16:40.133" /><!-- duration: 112ms -->
  <step title="Performing fetch based deployment" date="2025-09-26T10:16:40.406" >
    <step title="Cleaning up temp folders from previous zip deployments and extracting pushed zip file /tmp/zipdeploy/8b1b69ca-08d2-4fe7-95bc-997919fc40e7.zip (35.81 MB) to /tmp/zipdeploy/extracted" date="2025-09-26T10:16:41.946" >
      <step title="ChmodRecursive Process exited with total time taken in ms: 970" date="2025-09-26T10:17:38.451" /><!-- duration: 35ms -->
    </step><!-- duration: 56576ms -->
    <step title="Deployment timer started" date="2025-09-26T10:17:40.587" >
      <step title="DeploymentManager.Deploy(id:8ba7ab73-e882-4812-8c3c-5cc37355a4a8)" date="2025-09-26T10:17:40.626" >
        <step title="Collecting changeset information" date="2025-09-26T10:17:40.789" /><!-- duration: 299ms -->
        <step title="Updating submodules" date="2025-09-26T10:17:41.127" /><!-- duration: 1275ms -->
        <step title="Determining deployment builder" date="2025-09-26T10:17:43.164" >
          <step title="Builder is OneDeployBuilder" date="2025-09-26T10:17:43.196" /><!-- duration: 5ms -->
        </step><!-- duration: 45ms -->
        <step title="PreDeployment: context.CleanOutputPath False" date="2025-09-26T10:17:43.293" >
          <step title="PreDeployment: context.OutputPath /home/site/wwwroot" date="2025-09-26T10:17:43.479" >
            <step title="Building" date="2025-09-26T10:17:43.719" >
              <step title="Executing external process" date="2025-09-26T10:17:44.727" type="process" path="starter.sh" arguments="/opt/Kudu/Scripts/absoluteTar.sh /tmp/zipdeploy/extracted/node_modules /tmp/zipdeploy/extracted/node_modules.tar.gz" /><!-- duration: 32489ms -->
              <step title="Executing external process" date="2025-09-26T10:18:17.910" type="process" path="starter.sh" arguments="/opt/Kudu/Scripts/parallel_rsync.sh /tmp/zipdeploy/extracted /home/site/wwwroot 8 /tmp/ False False node_modules " /><!-- duration: 7621ms -->
              <step title="Modified file to trigger a restart of the app container." date="2025-09-26T10:18:26.737" /><!-- duration: 8ms -->
              <step title="Skip function trigger and logicapp sync because function is not enabled." date="2025-09-26T10:18:26.758" /><!-- duration: 10ms -->
              <step title="Purge deployment items" date="2025-09-26T10:18:27.986" >
                <step title="Remove c1b31115-, Failed, received at 09/26/2025 00:11:51" date="2025-09-26T10:18:28.149" /><!-- duration: 5ms -->
                <step title="Remove temp-957c, Failed, received at 09/26/2025 00:11:05" date="2025-09-26T10:18:28.256" /><!-- duration: 6ms -->
                <step title="Remove temp-25d1, Failed, received at 09/25/2025 23:52:12" date="2025-09-26T10:18:28.379" /><!-- duration: 3ms -->
              </step><!-- duration: 430ms -->
            </step><!-- duration: 44833ms -->
          </step><!-- duration: 45081ms -->
          <step title="Cleaning up temp files" date="2025-09-26T10:18:28.568" /><!-- duration: 28ms -->
          <step title="Cleaning up temp files" date="2025-09-26T10:18:28.600" /><!-- duration: 527ms -->
          <step title="Reloading status file with latest updates" date="2025-09-26T10:18:29.229" >
            <step title="WebHooksManager.PublishEventAsync: PostDeployment" date="2025-09-26T10:18:29.249" /><!-- duration: 208ms -->
          </step><!-- duration: 237ms -->
          <step title="Cleaning up temporary deployment - fetch deployment was successful" date="2025-09-26T10:18:29.478" /><!-- duration: 7ms -->
        </step><!-- duration: 46293ms -->
      </step><!-- duration: 49005ms -->
