<step title="BackgroundTrace" date="2025-09-26T00:11:05.749" instance="ba45b8" url="/api/publish" method="POST" >
  <step title="Cleanup Xml Logs" date="2025-09-26T00:11:05.767" /><!-- duration: 16ms -->
  <step title="Creating temporary deployment - FetchDeploymentManager" date="2025-09-26T00:11:05.872" /><!-- duration: 3ms -->
  <step title="Creating temporary deployment" date="2025-09-26T00:11:05.878" /><!-- duration: 75ms -->
  <step title="Performing fetch based deployment" date="2025-09-26T00:11:06.003" >
    <step title="Cleaning up temp folders from previous zip deployments and extracting pushed zip file /tmp/zipdeploy/5946e2be-c86f-405b-93fd-2169faef33b3.zip (35.81 MB) to /tmp/zipdeploy/extracted" date="2025-09-26T00:11:07.209" >
      <step title="ChmodRecursive Process exited with total time taken in ms: 280" date="2025-09-26T00:11:48.965" /><!-- duration: 11ms -->
    </step><!-- duration: 41782ms -->
    <step title="Deployment timer started" date="2025-09-26T00:11:51.021" >
      <step title="DeploymentManager.Deploy(id:c1b31115-5011-4f85-b98e-8b00e700d2bf)" date="2025-09-26T00:11:51.031" >
        <step title="Collecting changeset information" date="2025-09-26T00:11:51.086" /><!-- duration: 135ms -->
        <step title="Updating submodules" date="2025-09-26T00:11:51.227" /><!-- duration: 1178ms -->
        <step title="Determining deployment builder" date="2025-09-26T00:11:52.750" >
          <step title="Builder is OneDeployBuilder" date="2025-09-26T00:11:52.783" /><!-- duration: 4ms -->
        </step><!-- duration: 42ms -->
        <step title="PreDeployment: context.CleanOutputPath False" date="2025-09-26T00:11:52.882" >
          <step title="PreDeployment: context.OutputPath /home/site/wwwroot" date="2025-09-26T00:11:53.040" >
            <step title="Building" date="2025-09-26T00:11:53.247" >
              <step title="Executing external process" date="2025-09-26T00:11:54.261" type="process" path="starter.sh" arguments="/opt/Kudu/Scripts/absoluteTar.sh /tmp/zipdeploy/extracted/node_modules /tmp/zipdeploy/extracted/node_modules.tar.gz" /><!-- duration: 54749ms -->
              <step title="Executing external process" date="2025-09-26T00:12:49.758" type="process" path="starter.sh" arguments="/opt/Kudu/Scripts/parallel_rsync.sh /tmp/zipdeploy/extracted /home/site/wwwroot 8 /tmp/ False False node_modules " /><!-- duration: 12303ms -->
