<step title="BackgroundTrace" date="2025-09-25T20:27:30.138" instance="ba45b8" url="/api/publish" method="POST" >
  <step title="Cleanup Xml Logs" date="2025-09-25T20:27:30.140" /><!-- duration: 7ms -->
  <step title="Creating temporary deployment - FetchDeploymentManager" date="2025-09-25T20:27:30.261" /><!-- duration: 3ms -->
  <step title="Creating temporary deployment" date="2025-09-25T20:27:30.268" /><!-- duration: 218ms -->
  <step title="Performing fetch based deployment" date="2025-09-25T20:27:30.631" >
    <step title="Cleaning up temp folders from previous zip deployments and extracting pushed zip file /tmp/zipdeploy/1880ddb5-2f90-4ea3-9f7d-9602743f984d.zip (14.25 MB) to /tmp/zipdeploy/extracted" date="2025-09-25T20:27:32.104" >
      <step title="ChmodRecursive Process exited with total time taken in ms: 608" date="2025-09-25T20:27:43.612" /><!-- duration: 3ms -->
    </step><!-- duration: 11516ms -->
    <step title="Deployment timer started" date="2025-09-25T20:27:45.679" >
      <step title="DeploymentManager.Deploy(id:6f4f0464-f95b-4253-9a7c-b6485bcccdf1)" date="2025-09-25T20:27:45.709" >
        <step title="Collecting changeset information" date="2025-09-25T20:27:45.758" /><!-- duration: 154ms -->
        <step title="Updating submodules" date="2025-09-25T20:27:45.918" /><!-- duration: 1217ms -->
        <step title="Determining deployment builder" date="2025-09-25T20:27:47.472" >
          <step title="Builder is OneDeployBuilder" date="2025-09-25T20:27:47.492" /><!-- duration: 7ms -->
        </step><!-- duration: 37ms -->
        <step title="PreDeployment: context.CleanOutputPath False" date="2025-09-25T20:27:47.573" >
          <step title="PreDeployment: context.OutputPath /home/site/wwwroot" date="2025-09-25T20:27:47.732" >
            <step title="Building" date="2025-09-25T20:27:47.937" >
              <step title="Executing external process" date="2025-09-25T20:27:48.973" type="process" path="starter.sh" arguments="/opt/Kudu/Scripts/absoluteTar.sh /tmp/zipdeploy/extracted/node_modules /tmp/zipdeploy/extracted/node_modules.tar.gz" /><!-- duration: 11102ms -->
              <step title="Executing external process" date="2025-09-25T20:28:00.529" type="process" path="starter.sh" arguments="/opt/Kudu/Scripts/parallel_rsync.sh /tmp/zipdeploy/extracted /home/site/wwwroot 8 /tmp/ False False node_modules " /><!-- duration: 7415ms -->
              <step title="Modified file to trigger a restart of the app container." date="2025-09-25T20:28:09.178" /><!-- duration: 2ms -->
              <step title="Skip function trigger and logicapp sync because function is not enabled." date="2025-09-25T20:28:09.190" /><!-- duration: 15ms -->
            </step><!-- duration: 22445ms -->
          </step><!-- duration: 22655ms -->
          <step title="Cleaning up temp files" date="2025-09-25T20:28:10.391" /><!-- duration: 7ms -->
          <step title="Cleaning up temp files" date="2025-09-25T20:28:10.417" /><!-- duration: 518ms -->
          <step title="Reloading status file with latest updates" date="2025-09-25T20:28:10.975" >
            <step title="WebHooksManager.PublishEventAsync: PostDeployment" date="2025-09-25T20:28:10.985" /><!-- duration: 78ms -->
          </step><!-- duration: 91ms -->
          <step title="Cleaning up temporary deployment - fetch deployment was successful" date="2025-09-25T20:28:11.072" /><!-- duration: 2ms -->
        </step><!-- duration: 23603ms -->
      </step><!-- duration: 25480ms -->
