<step title="BackgroundTrace" date="2025-09-25T22:38:12.271" instance="ba45b8" url="/api/publish" method="POST" >
  <step title="Cleanup Xml Logs" date="2025-09-25T22:38:12.298" /><!-- duration: 66ms -->
  <step title="Creating temporary deployment - FetchDeploymentManager" date="2025-09-25T22:38:12.563" /><!-- duration: 9ms -->
  <step title="Creating temporary deployment" date="2025-09-25T22:38:12.597" /><!-- duration: 262ms -->
  <step title="Performing fetch based deployment" date="2025-09-25T22:38:13.029" >
    <step title="Cleaning up temp folders from previous zip deployments and extracting pushed zip file /tmp/zipdeploy/414d7373-1ec0-4f04-8f59-5e296f66d4bc.zip (35.61 MB) to /tmp/zipdeploy/extracted" date="2025-09-25T22:38:14.343" >
      <step title="ChmodRecursive Process exited with total time taken in ms: 83" date="2025-09-25T22:38:56.638" /><!-- duration: 19ms -->
    </step><!-- duration: 42331ms -->
    <step title="Deployment timer started" date="2025-09-25T22:38:58.743" >
      <step title="DeploymentManager.Deploy(id:beab7f99-a4b3-476a-b4b4-ef2487be6e6b)" date="2025-09-25T22:38:58.754" >
        <step title="Collecting changeset information" date="2025-09-25T22:38:58.828" /><!-- duration: 115ms -->
        <step title="Updating submodules" date="2025-09-25T22:38:58.954" /><!-- duration: 1226ms -->
        <step title="Determining deployment builder" date="2025-09-25T22:39:00.604" >
          <step title="Builder is OneDeployBuilder" date="2025-09-25T22:39:00.677" /><!-- duration: 8ms -->
        </step><!-- duration: 84ms -->
        <step title="PreDeployment: context.CleanOutputPath False" date="2025-09-25T22:39:00.776" >
          <step title="PreDeployment: context.OutputPath /home/site/wwwroot" date="2025-09-25T22:39:00.980" >
            <step title="Building" date="2025-09-25T22:39:01.212" >
              <step title="Executing external process" date="2025-09-25T22:39:02.575" type="process" path="starter.sh" arguments="/opt/Kudu/Scripts/absoluteTar.sh /tmp/zipdeploy/extracted/node_modules /tmp/zipdeploy/extracted/node_modules.tar.gz" /><!-- duration: 26942ms -->
              <step title="Executing external process" date="2025-09-25T22:39:30.825" type="process" path="starter.sh" arguments="/opt/Kudu/Scripts/parallel_rsync.sh /tmp/zipdeploy/extracted /home/site/wwwroot 8 /tmp/ False False node_modules " /><!-- duration: 10587ms -->
              <step title="Modified file to trigger a restart of the app container." date="2025-09-25T22:39:42.742" /><!-- duration: 9ms -->
              <step title="Skip function trigger and logicapp sync because function is not enabled." date="2025-09-25T22:39:42.771" /><!-- duration: 18ms -->
            </step><!-- duration: 43033ms -->
          </step><!-- duration: 43291ms -->
          <step title="Cleaning up temp files" date="2025-09-25T22:39:44.280" /><!-- duration: 10ms -->
          <step title="Cleaning up temp files" date="2025-09-25T22:39:44.319" /><!-- duration: 518ms -->
          <step title="Reloading status file with latest updates" date="2025-09-25T22:39:44.899" >
            <step title="WebHooksManager.PublishEventAsync: PostDeployment" date="2025-09-25T22:39:44.905" /><!-- duration: 71ms -->
          </step><!-- duration: 81ms -->
          <step title="Cleaning up temporary deployment - fetch deployment was successful" date="2025-09-25T22:39:44.988" /><!-- duration: 3ms -->
        </step><!-- duration: 44303ms -->
      </step><!-- duration: 46343ms -->
