<step title="Incoming Request" date="2025-09-26T10:18:24.123" instance="ba45b8" url="/api/deployments/latest?deployer=OneDeploy&amp;time=2025-09-26_10-16-40Z" method="GET" type="request" pid="824,1,15" Host="smart-expense-tracker-app.scm.azurewebsites.net" User-Agent="GITHUBACTIONS_DeployWebAppToAzure_5835cf6118cc5cc5f74e80598d4369c7edd831c8598f111ac95a3005d8e3812e" Authorization="Bas..." Content-Type="application/json; charset=utf-8" Cookie="ARRAffinity=ba45b830eaae19b6e165b2dfcb3947a4904073a482d7c81d6af1581103c5ad1b;Path=/;HttpOnly;Secure;Domain=smart-expense-tracker-app.scm.azurewebsites.net; ARRAffinitySameSite=ba45b830eaae19b6e165b2dfcb3947a4904073a482d7c81d6af1581103c5ad1b;Path=/;HttpOnly;SameSite=None;Secure;Domain=smart-expense-tracker-app.scm.azurewebsites.net" Content-Length="0" X-ARR-LOG-ID="d4c12c63-95a0-4fa9-bbcd-256849fc66fd" CLIENT-IP="52.161.82.101:36914" X-SITE-DEPLOYMENT-ID="smart-expense-tracker-app" WAS-DEFAULT-HOSTNAME="smart-expense-tracker-app.scm.azurewebsites.net" X-Forwarded-Proto="https" X-AppService-Proto="https" X-Forwarded-TlsVersion="1.3" X-WAWS-Unencoded-URL="/api/deployments/latest?deployer=OneDeploy&amp;time=2025-09-26_10-16-40Z" X-Client-IP="52.161.82.101" X-Client-Port="36914" >
  <step title="Cleanup Xml Logs" date="2025-09-26T10:18:24.138" >
    <step title="Cleanup Infos" date="2025-09-26T10:18:24.160" totalFiles="201" totalCleanup="41" /><!-- duration: 27ms -->
  </step><!-- duration: 66ms -->
  <step title="DeploymentService.GetResult" date="2025-09-26T10:18:24.255" >
    <step title="DeploymentService.GetLatestDeployment" date="2025-09-26T10:18:24.264" >
      <step title="DeploymentManager.GetResults" date="2025-09-26T10:18:24.299" /><!-- duration: 982ms -->
    </step><!-- duration: 1060ms -->
  </step><!-- duration: 1081ms -->
  <step title="Outgoing response" date="2025-09-26T10:18:25.353" type="response" statusCode="202" statusText="Accepted" /><!-- duration: 10ms -->
</step><!-- duration: 1249ms -->
