<step title="BackgroundTrace" date="2025-09-25T22:51:45.817" instance="ba45b8" url="/api/publish" method="POST" >
  <step title="Cleanup Xml Logs" date="2025-09-25T22:51:45.838" /><!-- duration: 25ms -->
  <step title="Creating temporary deployment - FetchDeploymentManager" date="2025-09-25T22:51:46.084" /><!-- duration: 4ms -->
  <step title="Creating temporary deployment" date="2025-09-25T22:51:46.103" /><!-- duration: 346ms -->
  <step title="Performing fetch based deployment" date="2025-09-25T22:51:46.565" >
    <step title="Cleaning up temp folders from previous zip deployments and extracting pushed zip file /tmp/zipdeploy/3494743c-ec2b-4ecd-929c-d2222e53067a.zip (34.80 MB) to /tmp/zipdeploy/extracted" date="2025-09-25T22:51:47.824" >
      <step title="ChmodRecursive Process exited with total time taken in ms: 747" date="2025-09-25T22:52:46.361" /><!-- duration: 17ms -->
    </step><!-- duration: 58582ms -->
    <step title="Deployment timer started" date="2025-09-25T22:52:48.473" >
      <step title="DeploymentManager.Deploy(id:0c92cc4c-02e4-47ce-bdb6-bd28a7527da3)" date="2025-09-25T22:52:48.520" >
        <step title="Collecting changeset information" date="2025-09-25T22:52:48.576" /><!-- duration: 426ms -->
        <step title="Updating submodules" date="2025-09-25T22:52:49.014" /><!-- duration: 1179ms -->
        <step title="Determining deployment builder" date="2025-09-25T22:52:50.531" >
          <step title="Builder is OneDeployBuilder" date="2025-09-25T22:52:50.560" /><!-- duration: 4ms -->
        </step><!-- duration: 99ms -->
        <step title="PreDeployment: context.CleanOutputPath False" date="2025-09-25T22:52:50.684" >
          <step title="PreDeployment: context.OutputPath /home/site/wwwroot" date="2025-09-25T22:52:50.873" >
            <step title="Building" date="2025-09-25T22:52:51.079" >
              <step title="Executing external process" date="2025-09-25T22:52:52.085" type="process" path="starter.sh" arguments="/opt/Kudu/Scripts/absoluteTar.sh /tmp/zipdeploy/extracted/node_modules /tmp/zipdeploy/extracted/node_modules.tar.gz" /><!-- duration: 27147ms -->
              <step title="Executing external process" date="2025-09-25T22:53:19.918" type="process" path="starter.sh" arguments="/opt/Kudu/Scripts/parallel_rsync.sh /tmp/zipdeploy/extracted /home/site/wwwroot 8 /tmp/ False False node_modules " /><!-- duration: 9269ms -->
              <step title="Modified file to trigger a restart of the app container." date="2025-09-25T22:53:30.476" /><!-- duration: 6ms -->
              <step title="Skip function trigger and logicapp sync because function is not enabled." date="2025-09-25T22:53:30.501" /><!-- duration: 16ms -->
            </step><!-- duration: 40553ms -->
          </step><!-- duration: 40765ms -->
          <step title="Cleaning up temp files" date="2025-09-25T22:53:31.646" /><!-- duration: 16ms -->
          <step title="Cleaning up temp files" date="2025-09-25T22:53:31.673" /><!-- duration: 519ms -->
          <step title="Reloading status file with latest updates" date="2025-09-25T22:53:32.304" >
            <step title="WebHooksManager.PublishEventAsync: PostDeployment" date="2025-09-25T22:53:32.328" /><!-- duration: 193ms -->
          </step><!-- duration: 221ms -->
          <step title="Cleaning up temporary deployment - fetch deployment was successful" date="2025-09-25T22:53:32.539" /><!-- duration: 9ms -->
        </step><!-- duration: 42784ms -->
      </step><!-- duration: 45013ms -->
