﻿<?xml version="1.0" encoding="utf-8"?>
<deployment>
  <id>d3a84a06-ba24-4a09-aff4-ba2947535203</id>
  <author>N/A</author>
  <deployer>OneDeploy</deployer>
  <authorEmail>N/A</authorEmail>
  <message>OneDeploy</message>
  <progress></progress>
  <status>Success</status>
  <statusText></statusText>
  <lastSuccessEndTime>2025-09-26T10:29:53.6115163Z</lastSuccessEndTime>
  <receivedTime>2025-09-26T10:29:10.3989029Z</receivedTime>
  <startTime>2025-09-26T10:29:12.2461614Z</startTime>
  <endTime>2025-09-26T10:29:53.6115163Z</endTime>
  <complete>True</complete>
  <is_temp>False</is_temp>
  <is_readonly>True</is_readonly>
  <buildSummary />
</deployment>