﻿<?xml version="1.0" encoding="utf-8"?>
<deployment>
  <id>c839adc1-6c2c-4c0c-9024-0600fdfb747d</id>
  <author>N/A</author>
  <deployer>OneDeploy</deployer>
  <authorEmail>N/A</authorEmail>
  <message>OneDeploy</message>
  <progress></progress>
  <status>Success</status>
  <statusText></statusText>
  <lastSuccessEndTime>2025-09-25T21:04:48.0785914Z</lastSuccessEndTime>
  <receivedTime>2025-09-25T21:04:14.7673417Z</receivedTime>
  <startTime>2025-09-25T21:04:16.373952Z</startTime>
  <endTime>2025-09-25T21:04:48.0785914Z</endTime>
  <complete>True</complete>
  <is_temp>False</is_temp>
  <is_readonly>True</is_readonly>
  <buildSummary />
</deployment>