﻿<?xml version="1.0" encoding="utf-8"?>
<deployment>
  <id>9fbab36d-46b8-44f9-b2f7-b5ed140e2e8a</id>
  <author>N/A</author>
  <deployer>OneDeploy</deployer>
  <authorEmail>N/A</authorEmail>
  <message>N/A</message>
  <progress></progress>
  <status>Failed</status>
  <statusText></statusText>
  <lastSuccessEndTime />
  <receivedTime>2025-09-26T13:08:45.3251406Z</receivedTime>
  <startTime>2025-09-26T13:08:46.922239Z</startTime>
  <endTime>2025-09-26T13:10:40.1596292Z</endTime>
  <complete>True</complete>
  <is_temp>False</is_temp>
  <is_readonly>True</is_readonly>
  <buildSummary />
</deployment>