﻿<?xml version="1.0" encoding="utf-8"?>
<deployment>
  <id>6f4f0464-f95b-4253-9a7c-b6485bcccdf1</id>
  <author>N/A</author>
  <deployer>OneDeploy</deployer>
  <authorEmail>N/A</authorEmail>
  <message>OneDeploy</message>
  <progress></progress>
  <status>Success</status>
  <statusText></statusText>
  <lastSuccessEndTime>2025-09-25T20:28:09.9353218Z</lastSuccessEndTime>
  <receivedTime>2025-09-25T20:27:45.8313559Z</receivedTime>
  <startTime>2025-09-25T20:27:47.3612756Z</startTime>
  <endTime>2025-09-25T20:28:09.9353218Z</endTime>
  <complete>True</complete>
  <is_temp>False</is_temp>
  <is_readonly>True</is_readonly>
  <buildSummary />
</deployment>