﻿<?xml version="1.0" encoding="utf-8"?>
<deployment>
  <id>a582714b-0dd4-4826-be5b-80183e31ca6f</id>
  <author>N/A</author>
  <deployer>OneDeploy</deployer>
  <authorEmail>N/A</authorEmail>
  <message>OneDeploy</message>
  <progress></progress>
  <status>Failed</status>
  <statusText>Deployment has been stopped due to SCM container restart. The restart can happen due to a management operation on site. Do not perform a management operation and a deployment operation in quick succession. Adding a small delay can help avoid any conflicts.</statusText>
  <lastSuccessEndTime />
  <receivedTime>2025-09-26T10:50:54.2483663Z</receivedTime>
  <startTime>2025-09-26T10:50:57.3410659Z</startTime>
  <endTime>2025-09-26T10:51:15.3344762Z</endTime>
  <complete>True</complete>
  <is_temp>False</is_temp>
  <is_readonly>True</is_readonly>
  <buildSummary />
</deployment>