﻿<?xml version="1.0" encoding="utf-8"?>
<deployment>
  <id>beab7f99-a4b3-476a-b4b4-ef2487be6e6b</id>
  <author>N/A</author>
  <deployer>OneDeploy</deployer>
  <authorEmail>N/A</authorEmail>
  <message>OneDeploy</message>
  <progress></progress>
  <status>Success</status>
  <statusText></statusText>
  <lastSuccessEndTime>2025-09-25T22:39:43.5682999Z</lastSuccessEndTime>
  <receivedTime>2025-09-25T22:38:58.867289Z</receivedTime>
  <startTime>2025-09-25T22:39:00.4036134Z</startTime>
  <endTime>2025-09-25T22:39:43.5682999Z</endTime>
  <complete>True</complete>
  <is_temp>False</is_temp>
  <is_readonly>True</is_readonly>
  <buildSummary />
</deployment>