<step title="Incoming Request" date="2025-09-26T10:50:04.545" instance="ba45b8" url="/api/deployments/latest?deployer=OneDeploy&amp;time=2025-09-26_10-49-57Z" method="GET" type="request" pid="824,1,25" Host="smart-expense-tracker-app.scm.azurewebsites.net" User-Agent="GITHUBACTIONS_DeployWebAppToAzure_5835cf6118cc5cc5f74e80598d4369c7edd831c8598f111ac95a3005d8e3812e" Authorization="Bas..." Content-Type="application/json; charset=utf-8" Cookie="ARRAffinity=ba45b830eaae19b6e165b2dfcb3947a4904073a482d7c81d6af1581103c5ad1b;Path=/;HttpOnly;Secure;Domain=smart-expense-tracker-app.scm.azurewebsites.net; ARRAffinitySameSite=ba45b830eaae19b6e165b2dfcb3947a4904073a482d7c81d6af1581103c5ad1b;Path=/;HttpOnly;SameSite=None;Secure;Domain=smart-expense-tracker-app.scm.azurewebsites.net" Content-Length="0" X-ARR-LOG-ID="2a0cbe5c-4a80-4b23-b6ac-d19fa3a413b8" CLIENT-IP="172.214.44.50:5121" X-SITE-DEPLOYMENT-ID="smart-expense-tracker-app" WAS-DEFAULT-HOSTNAME="smart-expense-tracker-app.scm.azurewebsites.net" X-Forwarded-Proto="https" X-AppService-Proto="https" X-Forwarded-TlsVersion="1.3" X-WAWS-Unencoded-URL="/api/deployments/latest?deployer=OneDeploy&amp;time=2025-09-26_10-49-57Z" X-Client-IP="172.214.44.50" X-Client-Port="5121" >
  <step title="Cleanup Xml Logs" date="2025-09-26T10:50:04.657" >
    <step title="Cleanup Infos" date="2025-09-26T10:50:04.795" totalFiles="246" totalCleanup="86" /><!-- duration: 30ms -->
  </step><!-- duration: 224ms -->
  <step title="DeploymentService.GetResult" date="2025-09-26T10:50:05.034" >
    <step title="DeploymentService.GetLatestDeployment" date="2025-09-26T10:50:05.089" >
      <step title="DeploymentManager.GetResults" date="2025-09-26T10:50:05.101" /><!-- duration: 1919ms -->
    </step><!-- duration: 1967ms -->
  </step><!-- duration: 2042ms -->
  <step title="Outgoing response" date="2025-09-26T10:50:07.131" type="response" statusCode="202" statusText="Accepted" /><!-- duration: 20ms -->
</step><!-- duration: 2615ms -->
