<step title="Incoming Request" date="2025-09-26T11:10:27.011" instance="ba45b8" url="/api/deployments/latest?deployer=OneDeploy&amp;time=2025-09-26_11-09-32Z" method="GET" type="request" pid="822,1,27" Host="smart-expense-tracker-app.scm.azurewebsites.net" User-Agent="GITHUBACTIONS_DeployWebAppToAzure_5835cf6118cc5cc5f74e80598d4369c7edd831c8598f111ac95a3005d8e3812e" Authorization="Bas..." Content-Type="application/json; charset=utf-8" Cookie="ARRAffinity=ba45b830eaae19b6e165b2dfcb3947a4904073a482d7c81d6af1581103c5ad1b;Path=/;HttpOnly;Secure;Domain=smart-expense-tracker-app.scm.azurewebsites.net; ARRAffinitySameSite=ba45b830eaae19b6e165b2dfcb3947a4904073a482d7c81d6af1581103c5ad1b;Path=/;HttpOnly;SameSite=None;Secure;Domain=smart-expense-tracker-app.scm.azurewebsites.net" Content-Length="0" X-ARR-LOG-ID="0989102d-88c8-4456-9973-b7419b55c391" CLIENT-IP="68.154.54.41:47144" X-SITE-DEPLOYMENT-ID="smart-expense-tracker-app" WAS-DEFAULT-HOSTNAME="smart-expense-tracker-app.scm.azurewebsites.net" X-Forwarded-Proto="https" X-AppService-Proto="https" X-Forwarded-TlsVersion="1.3" X-WAWS-Unencoded-URL="/api/deployments/latest?deployer=OneDeploy&amp;time=2025-09-26_11-09-32Z" X-Client-IP="68.154.54.41" X-Client-Port="47144" >
  <step title="Cleanup Xml Logs" date="2025-09-26T11:10:27.015" >
    <step title="Cleanup Infos" date="2025-09-26T11:10:27.029" totalFiles="283" totalCleanup="123" /><!-- duration: 17ms -->
  </step><!-- duration: 52ms -->
  <step title="DeploymentService.GetResult" date="2025-09-26T11:10:27.101" >
    <step title="DeploymentService.GetLatestDeployment" date="2025-09-26T11:10:27.104" >
      <step title="DeploymentManager.GetResults" date="2025-09-26T11:10:27.123" /><!-- duration: 699ms -->
    </step><!-- duration: 728ms -->
  </step><!-- duration: 734ms -->
  <step title="Outgoing response" date="2025-09-26T11:10:27.862" type="response" statusCode="202" statusText="Accepted" /><!-- duration: 15ms -->
</step><!-- duration: 895ms -->
