<step title="Incoming Request" date="2025-09-26T11:09:30.437" instance="ba45b8" url="/api/publish?async=true&amp;deployer=GITHUB_ONE_DEPLOY&amp;type=zip&amp;message=%7B%22type%22%3A%22deployment%22%2C%22sha%22%3A%22c098bc231d2ac913fd80db8c9a72d7ba00e87bf7%22%2C%22repoName%22%3A%22modosenin0%2Fsmart-expense-tracker%22%2C%22actor%22%3A%22modosenin0%22%2C%22slotName%22%3A%22production%22%2C%22commitMessage%22%3A%22Fix%20deployment%20structure%20-%20move%20backend%20to%20root%20level%20for%20Azure%20App%20Service%22%7D" method="POST" type="request" pid="822,1,27" Host="smart-expense-tracker-app.scm.azurewebsites.net" User-Agent="GITHUBACTIONS_DeployWebAppToAzure_5835cf6118cc5cc5f74e80598d4369c7edd831c8598f111ac95a3005d8e3812e" Authorization="Bas..." Content-Type="application/octet-stream" Cookie="ARRAffinity=ba45b830eaae19b6e165b2dfcb3947a4904073a482d7c81d6af1581103c5ad1b;Path=/;HttpOnly;Secure;Domain=smart-expense-tracker-app.scm.azurewebsites.net; ARRAffinitySameSite=ba45b830eaae19b6e165b2dfcb3947a4904073a482d7c81d6af1581103c5ad1b;Path=/;HttpOnly;SameSite=None;Secure;Domain=smart-expense-tracker-app.scm.azurewebsites.net" Transfer-Encoding="chunked" X-ARR-LOG-ID="149afd5f-738c-48c2-93b6-7de8aeb89792" CLIENT-IP="68.154.54.41:47144" X-SITE-DEPLOYMENT-ID="smart-expense-tracker-app" WAS-DEFAULT-HOSTNAME="smart-expense-tracker-app.scm.azurewebsites.net" X-Forwarded-Proto="https" X-AppService-Proto="https" X-Forwarded-TlsVersion="1.3" X-WAWS-Unencoded-URL="/api/publish?async=true&amp;deployer=GITHUB_ONE_DEPLOY&amp;type=zip&amp;message=%7B%22type%22%3A%22deployment%22%2C%22sha%22%3A%22c098bc231d2ac913fd80db8c9a72d7ba00e87bf7%22%2C%22repoName%22%3A%22modosenin0%2Fsmart-expense-tracker%22%2C%22actor%22%3A%22modosenin0%22%2C%22slotName%22%3A%22production%22%2C%22commitMessage%22%3A%22Fix%20deployment%20structure%20-%20move%20backend%20to%20root%20level%20for%20Azure%20App%20Service%22%7D" X-Client-IP="68.154.54.41" X-Client-Port="47144" >
  <step title="OneDeploy" date="2025-09-26T11:09:30.449" >
    <step title="Starting PushDeployAsync" date="2025-09-26T11:09:30.461" /><!-- duration: 4ms -->
    <step title="Writing artifact to /tmp/zipdeploy/539d2bcf-8d0b-463c-9385-7872f5e470df.zip" date="2025-09-26T11:09:30.476" >
      <step title="Writing multipart request body to /tmp/zipdeploy/539d2bcf-8d0b-463c-9385-7872f5e470df.zip" date="2025-09-26T11:09:30.485" /><!-- duration: 20ms -->
    </step><!-- duration: 2120ms -->
    <step title="Start deployment in the background" date="2025-09-26T11:09:32.626" >
      <step title="Acquiring Deployment Lock" date="2025-09-26T11:09:32.694" /><!-- duration: 5ms -->
      <step title="Acquired Deployment Lock" date="2025-09-26T11:09:32.729" /><!-- duration: 3ms -->
    </step><!-- duration: 240ms -->
  </step><!-- duration: 2425ms -->
  <step title="Outgoing response" date="2025-09-26T11:09:32.878" type="response" statusCode="202" statusText="Accepted" /><!-- duration: 4ms -->
</step><!-- duration: 2450ms -->
