<step title="Incoming Request" date="2025-09-26T11:58:16.363" instance="ba45b8" url="/api/deployments/latest" method="GET" type="request" pid="823,1,21" Accept="*/*" Host="smart-expense-tracker-app.scm.azurewebsites.net" User-Agent="AZURECLI/2.73.0 (MSI)" Accept-Encoding="gzip, deflate" Authorization="Bas..." x-ms-client-request-id="065c256a-9ad0-11f0-9b68-f6baf5cfb671" X-ARR-LOG-ID="065c256a-9ad0-11f0-9b68-f6baf5cfb671" CLIENT-IP="188.214.15.176:37705" X-SITE-DEPLOYMENT-ID="smart-expense-tracker-app" WAS-DEFAULT-HOSTNAME="smart-expense-tracker-app.scm.azurewebsites.net" X-Forwarded-Proto="https" X-AppService-Proto="https" X-Forwarded-TlsVersion="1.3" X-WAWS-Unencoded-URL="/api/deployments/latest" X-Client-IP="188.214.15.176" X-Client-Port="37705" >
  <step title="Cleanup Xml Logs" date="2025-09-26T11:58:16.463" >
    <step title="Cleanup Infos" date="2025-09-26T11:58:16.700" totalFiles="443" totalCleanup="283" /><!-- duration: 41ms -->
  </step><!-- duration: 314ms -->
  <step title="DeploymentService.GetResult" date="2025-09-26T11:58:16.985" >
    <step title="DeploymentService.GetLatestDeployment" date="2025-09-26T11:58:17.056" >
      <step title="DeploymentManager.GetResults" date="2025-09-26T11:58:17.120" /><!-- duration: 3260ms -->
    </step><!-- duration: 3353ms -->
  </step><!-- duration: 3448ms -->
  <step title="Outgoing response" date="2025-09-26T11:58:20.488" type="response" statusCode="202" statusText="Accepted" /><!-- duration: 30ms -->
</step><!-- duration: 4192ms -->
