<step title="BackgroundTrace" date="2025-09-26T11:44:14.250" instance="ba45b8" url="/api/publish" method="POST" >
  <step title="Cleanup Xml Logs" date="2025-09-26T11:44:14.259" >
    <step title="Cleanup Infos" date="2025-09-26T11:44:14.299" totalFiles="403" totalCleanup="243" /><!-- duration: 7ms -->
  </step><!-- duration: 50ms -->
  <step title="Creating temporary deployment - FetchDeploymentManager" date="2025-09-26T11:44:14.453" /><!-- duration: 3ms -->
  <step title="Creating temporary deployment" date="2025-09-26T11:44:14.463" /><!-- duration: 299ms -->
  <step title="Performing fetch based deployment" date="2025-09-26T11:44:14.860" >
    <step title="Cleaning up temp folders from previous zip deployments and extracting pushed zip file /tmp/zipdeploy/9492a0f8-d88d-4375-aa7e-53dbc797ee3a.zip (35.81 MB) to /tmp/zipdeploy/extracted" date="2025-09-26T11:44:16.944" >
      <step title="ChmodRecursive Process exited with total time taken in ms: 30" date="2025-09-26T11:44:59.638" /><!-- duration: 12ms -->
    </step><!-- duration: 42728ms -->
    <step title="Deployment timer started" date="2025-09-26T11:45:01.798" >
      <step title="DeploymentManager.Deploy(id:4d57cd6a-c5ad-4030-bbf5-53afd8518531)" date="2025-09-26T11:45:01.903" >
        <step title="Collecting changeset information" date="2025-09-26T11:45:02.015" /><!-- duration: 265ms -->
        <step title="Updating submodules" date="2025-09-26T11:45:02.316" /><!-- duration: 1299ms -->
        <step title="Determining deployment builder" date="2025-09-26T11:45:03.963" >
          <step title="Builder is OryxBuilder" date="2025-09-26T11:45:03.987" /><!-- duration: 10ms -->
        </step><!-- duration: 43ms -->
        <step title="PreDeployment: context.CleanOutputPath False" date="2025-09-26T11:45:04.082" >
          <step title="PreDeployment: context.OutputPath /home/site/wwwroot" date="2025-09-26T11:45:04.253" >
            <step title="Building" date="2025-09-26T11:45:04.467" >
              <step title="Executing external process" date="2025-09-26T11:45:04.984" type="process" path="bash" arguments="-c &quot;oryx build /tmp/zipdeploy/extracted -o /home/site/wwwroot --platform nodejs --platform-version 20 -p virtualenv_name= --log-file /tmp/build-debug.log  -i /tmp/8ddfcf2220ef3ba -p compress_node_modules=tar-gz | tee /tmp/oryx-build.log ; exit $PIPESTATUS &quot;" >
                <step title="Cpu: npm install(1105,42.670s)+build.sh(1010,0.070s)+oryx(988,12.290s)+tee(989,0.000s)+bash(987,0.000s)=total(55.020s)" date="2025-09-26T11:47:34.162" /><!-- duration: 112ms -->
                <step title="bash: no io activity for 60s, prev-cpu=-1.000s, current-cpu=55.020s" date="2025-09-26T11:47:34.500" /><!-- duration: 159ms -->
                <step title="Cpu: npm install(1105,51.950s)+build.sh(1010,0.070s)+oryx(988,12.370s)+tee(989,0.000s)+bash(987,0.000s)=total(64.380s)" date="2025-09-26T11:48:35.744" /><!-- duration: 21ms -->
                <step title="bash: no io activity for 129s, prev-cpu=55.020s, current-cpu=64.380s" date="2025-09-26T11:48:35.830" /><!-- duration: 45ms -->
