<step title="BackgroundTrace" date="2025-09-26T11:58:09.324" instance="ba45b8" url="/api/zipdeploy" method="POST" >
  <step title="Cleanup Xml Logs" date="2025-09-26T11:58:09.369" >
    <step title="Cleanup Infos" date="2025-09-26T11:58:09.490" totalFiles="442" totalCleanup="282" /><!-- duration: 74ms -->
  </step><!-- duration: 232ms -->
  <step title="Creating temporary deployment - FetchDeploymentManager" date="2025-09-26T11:58:10.460" /><!-- duration: 36ms -->
  <step title="Creating temporary deployment" date="2025-09-26T11:58:10.526" /><!-- duration: 367ms -->
  <step title="Performing fetch based deployment" date="2025-09-26T11:58:11.266" >
    <step title="Cleaning up temp folders from previous zip deployments and extracting pushed zip file /tmp/zipdeploy/d464b9f6-61e5-459a-90cb-88cbdf0acd81.zip (0.01 MB) to /tmp/zipdeploy/extracted" date="2025-09-26T11:58:13.066" >
      <step title="ChmodRecursive Process exited with total time taken in ms: 301" date="2025-09-26T11:58:13.561" /><!-- duration: 17ms -->
    </step><!-- duration: 549ms -->
    <step title="Deployment timer started" date="2025-09-26T11:58:16.101" >
      <step title="DeploymentManager.Deploy(id:ecb18009-f57f-4602-af5b-1477946cdde2)" date="2025-09-26T11:58:16.214" >
        <step title="Collecting changeset information" date="2025-09-26T11:58:16.326" /><!-- duration: 357ms -->
        <step title="Updating submodules" date="2025-09-26T11:58:16.769" /><!-- duration: 1475ms -->
        <step title="Determining deployment builder" date="2025-09-26T11:58:19.973" >
          <step title="Builder is OryxBuilder" date="2025-09-26T11:58:20.041" /><!-- duration: 19ms -->
        </step><!-- duration: 140ms -->
        <step title="PreDeployment: context.CleanOutputPath False" date="2025-09-26T11:58:20.602" >
          <step title="PreDeployment: context.OutputPath /home/site/wwwroot" date="2025-09-26T11:58:20.951" >
            <step title="Building" date="2025-09-26T11:58:21.396" >
              <step title="Executing external process" date="2025-09-26T11:58:22.639" type="process" path="bash" arguments="-c &quot;oryx build /tmp/zipdeploy/extracted -o /home/site/wwwroot --platform nodejs --platform-version 20 -p virtualenv_name= --log-file /tmp/build-debug.log  -i /tmp/8ddfcf3fc9a62c8 -p compress_node_modules=tar-gz | tee /tmp/oryx-build.log ; exit $PIPESTATUS &quot;" >
                <step title="Cpu: npm install npm@&gt;=8.0.0(1051,10.120s)+build.sh(964,0.060s)+oryx(940,10.210s)+tee(941,0.010s)+bash(939,0.000s)=total(20.330s)" date="2025-09-26T12:00:38.523" /><!-- duration: 166ms -->
                <step title="bash: no io activity for 60s, prev-cpu=-1.000s, current-cpu=20.330s" date="2025-09-26T12:00:38.935" /><!-- duration: 35ms -->
                <step title="Cpu: npm install(1113,22.130s)+build.sh(964,0.070s)+oryx(940,10.410s)+tee(941,0.010s)+bash(939,0.000s)=total(32.620s)" date="2025-09-26T12:02:07.827" /><!-- duration: 75ms -->
                <step title="bash: no io activity for 61s, prev-cpu=-1.000s, current-cpu=32.620s" date="2025-09-26T12:02:07.965" /><!-- duration: 11ms -->
                <step title="Cpu: npm install(1113,40.060s)+build.sh(964,0.070s)+oryx(940,10.480s)+tee(941,0.010s)+bash(939,0.000s)=total(50.610s)" date="2025-09-26T12:03:08.428" /><!-- duration: 38ms -->
                <step title="bash: no io activity for 121s, prev-cpu=32.620s, current-cpu=50.610s" date="2025-09-26T12:03:08.489" /><!-- duration: 41ms -->
                <step title="Process dump" date="2025-09-26T12:04:26.418" exitCode="2" type="processOutput" /><!-- duration: 10ms -->
              </step><!-- duration: 363819ms -->
              <step title="Error occurred" date="2025-09-26T12:04:26.576" type="error" text="npm warn deprecated @opentelemetry/instrumentation-redis-4@0.49.0: Use &quot;@opentelemetry/instrumentation-redis&quot;, which (as of v0.50.0) includes support for instrumenting redis v4.
sh: 1: cd: can&apos;t cd to frontend
/bin/bash -c &quot;oryx build /tmp/zipdeploy/extracted -o /home/site/wwwroot --platform nodejs --platform-version 20 -p virtualenv_name= --log-file /tmp/build-debug.log  -i /tmp/8ddfcf3fc9a62c8 -p compress_node_modules=tar-gz | tee /tmp/oryx-build.log ; exit $PIPESTATUS &quot;" stackTrace="   at Kudu.Core.Infrastructure.Executable.ExecuteInternal(ITracer tracer, Func`2 onWriteOutput, Func`2 onWriteError, CancellationToken token, Encoding encoding, String arguments, Object[] args) in /tmp/KuduLite/Kudu.Core/Infrastructure/Executable.cs:line 239
   at Kudu.Core.Infrastructure.Executable.ExecuteWithProgressWriter(ILogger logger, ITracer tracer, CancellationToken token, String arguments, Object[] args) in /tmp/KuduLite/Kudu.Core/Infrastructure/Executable.cs:line 118
   at Kudu.Core.Deployment.Generator.ExternalCommandBuilder.RunCommand(DeploymentContext context, String command, Boolean ignoreManifest, CancellationToken token, String message) in /tmp/KuduLite/Kudu.Core/Deployment/Generator/ExternalCommandBuilder.cs:line 122" /><!-- duration: 9ms -->
              <step title="Error occurred" date="2025-09-26T12:04:26.649" type="error" text="npm warn deprecated @opentelemetry/instrumentation-redis-4@0.49.0: Use &quot;@opentelemetry/instrumentation-redis&quot;, which (as of v0.50.0) includes support for instrumenting redis v4.
sh: 1: cd: can&apos;t cd to frontend
/bin/bash -c &quot;oryx build /tmp/zipdeploy/extracted -o /home/site/wwwroot --platform nodejs --platform-version 20 -p virtualenv_name= --log-file /tmp/build-debug.log  -i /tmp/8ddfcf3fc9a62c8 -p compress_node_modules=tar-gz | tee /tmp/oryx-build.log ; exit $PIPESTATUS &quot;" stackTrace="   at Kudu.Core.Infrastructure.Executable.ExecuteInternal(ITracer tracer, Func`2 onWriteOutput, Func`2 onWriteError, CancellationToken token, Encoding encoding, String arguments, Object[] args) in /tmp/KuduLite/Kudu.Core/Infrastructure/Executable.cs:line 239
   at Kudu.Core.Infrastructure.Executable.ExecuteWithProgressWriter(ILogger logger, ITracer tracer, CancellationToken token, String arguments, Object[] args) in /tmp/KuduLite/Kudu.Core/Infrastructure/Executable.cs:line 118
   at Kudu.Core.Deployment.Generator.ExternalCommandBuilder.RunCommand(DeploymentContext context, String command, Boolean ignoreManifest, CancellationToken token, String message) in /tmp/KuduLite/Kudu.Core/Deployment/Generator/ExternalCommandBuilder.cs:line 122
   at Kudu.Core.Deployment.Generator.OryxBuilder.RunBuildCommand(IOryxArguments args, DeploymentContext context, CancellationToken token) in /tmp/KuduLite/Kudu.Core/Deployment/Generator/OryxBuilder.cs:line 282
   at Kudu.Core.Deployment.Generator.OryxBuilder.Build(DeploymentContext context, CancellationToken token) in /tmp/KuduLite/Kudu.Core/Deployment/Generator/OryxBuilder.cs:line 123
   at Kudu.Core.Deployment.DeploymentManager.Build(ChangeSet changeSet, ITracer tracer, IDisposable deployStep, IRepository repository, DeploymentInfoBase deploymentInfo, DeploymentAnalytics deploymentAnalytics, Boolean fullBuildByDefault, CancellationToken cancellationToken) in /tmp/KuduLite/Kudu.Core/Deployment/DeploymentManager.cs:line 771" /><!-- duration: 18ms -->
              <step title="Using GenericDeploymentLogParser" date="2025-09-26T12:04:27.079" /><!-- duration: 4ms -->
              <step title="Purge deployment items" date="2025-09-26T12:04:29.479" >
                <step title="Remove 4d57cd6a-, Failed, received at 09/26/2025 11:45:02" date="2025-09-26T12:04:29.579" /><!-- duration: 3ms -->
                <step title="Remove temp-d445, Failed, received at 09/26/2025 11:44:14" date="2025-09-26T12:04:29.667" /><!-- duration: 3ms -->
                <step title="Remove temp-64a1, Failed, received at 09/26/2025 11:27:41" date="2025-09-26T12:04:29.766" /><!-- duration: 3ms -->
                <step title="Remove temp-38f6, Failed, received at 09/26/2025 11:15:15" date="2025-09-26T12:04:29.854" /><!-- duration: 3ms -->
              </step><!-- duration: 387ms -->
            </step><!-- duration: 368483ms -->
          </step><!-- duration: 368937ms -->
          <step title="Error occurred" date="2025-09-26T12:04:29.894" type="error" text="npm warn deprecated @opentelemetry/instrumentation-redis-4@0.49.0: Use &quot;@opentelemetry/instrumentation-redis&quot;, which (as of v0.50.0) includes support for instrumenting redis v4.
sh: 1: cd: can&apos;t cd to frontend
/bin/bash -c &quot;oryx build /tmp/zipdeploy/extracted -o /home/site/wwwroot --platform nodejs --platform-version 20 -p virtualenv_name= --log-file /tmp/build-debug.log  -i /tmp/8ddfcf3fc9a62c8 -p compress_node_modules=tar-gz | tee /tmp/oryx-build.log ; exit $PIPESTATUS &quot;" stackTrace="   at Kudu.Core.Infrastructure.Executable.ExecuteInternal(ITracer tracer, Func`2 onWriteOutput, Func`2 onWriteError, CancellationToken token, Encoding encoding, String arguments, Object[] args) in /tmp/KuduLite/Kudu.Core/Infrastructure/Executable.cs:line 239
   at Kudu.Core.Infrastructure.Executable.ExecuteWithProgressWriter(ILogger logger, ITracer tracer, CancellationToken token, String arguments, Object[] args) in /tmp/KuduLite/Kudu.Core/Infrastructure/Executable.cs:line 118
   at Kudu.Core.Deployment.Generator.ExternalCommandBuilder.RunCommand(DeploymentContext context, String command, Boolean ignoreManifest, CancellationToken token, String message) in /tmp/KuduLite/Kudu.Core/Deployment/Generator/ExternalCommandBuilder.cs:line 122
   at Kudu.Core.Deployment.Generator.OryxBuilder.RunBuildCommand(IOryxArguments args, DeploymentContext context, CancellationToken token) in /tmp/KuduLite/Kudu.Core/Deployment/Generator/OryxBuilder.cs:line 282
   at Kudu.Core.Deployment.Generator.OryxBuilder.Build(DeploymentContext context, CancellationToken token) in /tmp/KuduLite/Kudu.Core/Deployment/Generator/OryxBuilder.cs:line 123
   at Kudu.Core.Deployment.DeploymentManager.Build(ChangeSet changeSet, ITracer tracer, IDisposable deployStep, IRepository repository, DeploymentInfoBase deploymentInfo, DeploymentAnalytics deploymentAnalytics, Boolean fullBuildByDefault, CancellationToken cancellationToken) in /tmp/KuduLite/Kudu.Core/Deployment/DeploymentManager.cs:line 771
   at Kudu.Core.Deployment.DeploymentManager.Build(ChangeSet changeSet, ITracer tracer, IDisposable deployStep, IRepository repository, DeploymentInfoBase deploymentInfo, DeploymentAnalytics deploymentAnalytics, Boolean fullBuildByDefault, CancellationToken cancellationToken) in /tmp/KuduLite/Kudu.Core/Deployment/DeploymentManager.cs:line 840" /><!-- duration: 4ms -->
          <step title="Cleaning up temp files" date="2025-09-26T12:04:30.043" /><!-- duration: 5076ms -->
          <step title="Cleaning up temp files" date="2025-09-26T12:04:35.125" /><!-- duration: 529ms -->
          <step title="Error occurred" date="2025-09-26T12:04:35.697" type="error" text="npm warn deprecated @opentelemetry/instrumentation-redis-4@0.49.0: Use &quot;@opentelemetry/instrumentation-redis&quot;, which (as of v0.50.0) includes support for instrumenting redis v4.
sh: 1: cd: can&apos;t cd to frontend
/bin/bash -c &quot;oryx build /tmp/zipdeploy/extracted -o /home/site/wwwroot --platform nodejs --platform-version 20 -p virtualenv_name= --log-file /tmp/build-debug.log  -i /tmp/8ddfcf3fc9a62c8 -p compress_node_modules=tar-gz | tee /tmp/oryx-build.log ; exit $PIPESTATUS &quot;" stackTrace="   at Kudu.Core.Infrastructure.Executable.ExecuteInternal(ITracer tracer, Func`2 onWriteOutput, Func`2 onWriteError, CancellationToken token, Encoding encoding, String arguments, Object[] args) in /tmp/KuduLite/Kudu.Core/Infrastructure/Executable.cs:line 239
   at Kudu.Core.Infrastructure.Executable.ExecuteWithProgressWriter(ILogger logger, ITracer tracer, CancellationToken token, String arguments, Object[] args) in /tmp/KuduLite/Kudu.Core/Infrastructure/Executable.cs:line 118
   at Kudu.Core.Deployment.Generator.ExternalCommandBuilder.RunCommand(DeploymentContext context, String command, Boolean ignoreManifest, CancellationToken token, String message) in /tmp/KuduLite/Kudu.Core/Deployment/Generator/ExternalCommandBuilder.cs:line 122
   at Kudu.Core.Deployment.Generator.OryxBuilder.RunBuildCommand(IOryxArguments args, DeploymentContext context, CancellationToken token) in /tmp/KuduLite/Kudu.Core/Deployment/Generator/OryxBuilder.cs:line 282
   at Kudu.Core.Deployment.Generator.OryxBuilder.Build(DeploymentContext context, CancellationToken token) in /tmp/KuduLite/Kudu.Core/Deployment/Generator/OryxBuilder.cs:line 123
   at Kudu.Core.Deployment.DeploymentManager.Build(ChangeSet changeSet, ITracer tracer, IDisposable deployStep, IRepository repository, DeploymentInfoBase deploymentInfo, DeploymentAnalytics deploymentAnalytics, Boolean fullBuildByDefault, CancellationToken cancellationToken) in /tmp/KuduLite/Kudu.Core/Deployment/DeploymentManager.cs:line 771
   at Kudu.Core.Deployment.DeploymentManager.Build(ChangeSet changeSet, ITracer tracer, IDisposable deployStep, IRepository repository, DeploymentInfoBase deploymentInfo, DeploymentAnalytics deploymentAnalytics, Boolean fullBuildByDefault, CancellationToken cancellationToken) in /tmp/KuduLite/Kudu.Core/Deployment/DeploymentManager.cs:line 840
   at Kudu.Core.Deployment.DeploymentManager.DeployAsync(IRepository repository, ChangeSet changeSet, String deployer, Boolean clean, DeploymentInfoBase deploymentInfo, Boolean needFileUpdate, Boolean fullBuildByDefault) in /tmp/KuduLite/Kudu.Core/Deployment/DeploymentManager.cs:line 266" /><!-- duration: 5ms -->
        </step><!-- duration: 375122ms -->
        <step title="Reloading status file with latest updates" date="2025-09-26T12:04:35.798" >
          <step title="WebHooksManager.PublishEventAsync: PostDeployment" date="2025-09-26T12:04:35.809" /><!-- duration: 167ms -->
        </step><!-- duration: 182ms -->
        <step title="Error occurred" date="2025-09-26T12:04:35.984" type="error" text="npm warn deprecated @opentelemetry/instrumentation-redis-4@0.49.0: Use &quot;@opentelemetry/instrumentation-redis&quot;, which (as of v0.50.0) includes support for instrumenting redis v4.
sh: 1: cd: can&apos;t cd to frontend
/bin/bash -c &quot;oryx build /tmp/zipdeploy/extracted -o /home/site/wwwroot --platform nodejs --platform-version 20 -p virtualenv_name= --log-file /tmp/build-debug.log  -i /tmp/8ddfcf3fc9a62c8 -p compress_node_modules=tar-gz | tee /tmp/oryx-build.log ; exit $PIPESTATUS &quot;" stackTrace="   at Kudu.Core.Infrastructure.Executable.ExecuteInternal(ITracer tracer, Func`2 onWriteOutput, Func`2 onWriteError, CancellationToken token, Encoding encoding, String arguments, Object[] args) in /tmp/KuduLite/Kudu.Core/Infrastructure/Executable.cs:line 239
   at Kudu.Core.Infrastructure.Executable.ExecuteWithProgressWriter(ILogger logger, ITracer tracer, CancellationToken token, String arguments, Object[] args) in /tmp/KuduLite/Kudu.Core/Infrastructure/Executable.cs:line 118
   at Kudu.Core.Deployment.Generator.ExternalCommandBuilder.RunCommand(DeploymentContext context, String command, Boolean ignoreManifest, CancellationToken token, String message) in /tmp/KuduLite/Kudu.Core/Deployment/Generator/ExternalCommandBuilder.cs:line 122
   at Kudu.Core.Deployment.Generator.OryxBuilder.RunBuildCommand(IOryxArguments args, DeploymentContext context, CancellationToken token) in /tmp/KuduLite/Kudu.Core/Deployment/Generator/OryxBuilder.cs:line 282
   at Kudu.Core.Deployment.Generator.OryxBuilder.Build(DeploymentContext context, CancellationToken token) in /tmp/KuduLite/Kudu.Core/Deployment/Generator/OryxBuilder.cs:line 123
   at Kudu.Core.Deployment.DeploymentManager.Build(ChangeSet changeSet, ITracer tracer, IDisposable deployStep, IRepository repository, DeploymentInfoBase deploymentInfo, DeploymentAnalytics deploymentAnalytics, Boolean fullBuildByDefault, CancellationToken cancellationToken) in /tmp/KuduLite/Kudu.Core/Deployment/DeploymentManager.cs:line 771
   at Kudu.Core.Deployment.DeploymentManager.Build(ChangeSet changeSet, ITracer tracer, IDisposable deployStep, IRepository repository, DeploymentInfoBase deploymentInfo, DeploymentAnalytics deploymentAnalytics, Boolean fullBuildByDefault, CancellationToken cancellationToken) in /tmp/KuduLite/Kudu.Core/Deployment/DeploymentManager.cs:line 840
   at Kudu.Core.Deployment.DeploymentManager.DeployAsync(IRepository repository, ChangeSet changeSet, String deployer, Boolean clean, DeploymentInfoBase deploymentInfo, Boolean needFileUpdate, Boolean fullBuildByDefault) in /tmp/KuduLite/Kudu.Core/Deployment/DeploymentManager.cs:line 266" /><!-- duration: 4ms -->
        <step title="Marking deployment as failed and cleaning up the temp deployment" date="2025-09-26T12:04:36.077" /><!-- duration: 4ms -->
      </step><!-- duration: 380058ms -->
      <step title="Error occurred" date="2025-09-26T12:04:36.302" type="error" text="One or more errors occurred. (Deployment failed)" stackTrace="   at System.Threading.Tasks.Task.ThrowIfExceptional(Boolean includeTaskCanceledExceptions)
   at System.Threading.Tasks.Task.Wait(Int32 millisecondsTimeout, CancellationToken cancellationToken)
   at System.Threading.Tasks.Task.Wait()
   at Kudu.Core.Deployment.FetchDeploymentManager.&lt;&gt;c__DisplayClass22_1.&lt;PerformBackgroundDeployment&gt;b__3() in /tmp/KuduLite/Kudu.Core/Deployment/FetchDeploymentManager.cs:line 414
   at Kudu.Contracts.Infrastructure.LockExtensions.TryLockOperation(IOperationLock lockObj, Action operation, String operationName, TimeSpan timeout) in /tmp/KuduLite/Kudu.Contracts/Infrastructure/LockExtensions.cs:line 34
   at Kudu.Contracts.Infrastructure.LockExtensions.LockOperation(IOperationLock lockObj, Action operation, String operationName, TimeSpan timeout) in /tmp/KuduLite/Kudu.Contracts/Infrastructure/LockExtensions.cs:line 46
   at Kudu.Core.Deployment.FetchDeploymentManager.&lt;&gt;c__DisplayClass22_0.&lt;PerformBackgroundDeployment&gt;b__1() in /tmp/KuduLite/Kudu.Core/Deployment/FetchDeploymentManager.cs:line 393" innerText="Deployment failed" innerStackTrace="   at Kudu.Core.Deployment.DeploymentManager.DeployAsync(IRepository repository, ChangeSet changeSet, String deployer, Boolean clean, DeploymentInfoBase deploymentInfo, Boolean needFileUpdate, Boolean fullBuildByDefault) in /tmp/KuduLite/Kudu.Core/Deployment/DeploymentManager.cs:line 307
   at Kudu.Core.Deployment.FetchDeploymentManager.PerformDeployment(DeploymentInfoBase deploymentInfo, IDisposable tempDeployment, ChangeSet tempChangeSet, DeployStatusApiResult updateStatusObj) in /tmp/KuduLite/Kudu.Core/Deployment/FetchDeploymentManager.cs:line 230" /><!-- duration: 5ms -->
    </step><!-- duration: 380233ms -->
