<step title="Incoming Request" date="2025-09-26T11:58:06.170" instance="ba45b8" url="/api/zipdeploy?isAsync=true" method="POST" type="request" pid="823,1,3" Accept="*/*" Host="smart-expense-tracker-app.scm.azurewebsites.net" User-Agent="AZURECLI/2.73.0 (MSI)" Accept-Encoding="gzip, deflate" Authorization="Bas..." Cache-Control="no-cache" Content-Type="application/octet-stream" Cookie="ARRAffinity=ba45b830eaae19b6e165b2dfcb3947a4904073a482d7c81d6af1581103c5ad1b; ARRAffinitySameSite=ba45b830eaae19b6e165b2dfcb3947a4904073a482d7c81d6af1581103c5ad1b" Content-Length="14366" x-ms-client-request-id="065c256a-9ad0-11f0-9b68-f6baf5cfb671" x-ms-artifact-checksum="f99892483b24127917f1c9dc4f1c4b7e1b18bef8bc07b4fffde2a9d0227f5d71" X-ARR-LOG-ID="065c256a-9ad0-11f0-9b68-f6baf5cfb671" CLIENT-IP="188.214.15.176:41218" X-SITE-DEPLOYMENT-ID="smart-expense-tracker-app" WAS-DEFAULT-HOSTNAME="smart-expense-tracker-app.scm.azurewebsites.net" X-Forwarded-Proto="https" X-AppService-Proto="https" X-Forwarded-TlsVersion="1.3" X-WAWS-Unencoded-URL="/api/zipdeploy?isAsync=true" X-Client-IP="188.214.15.176" X-Client-Port="41218" >
  <step title="Cleanup Xml Logs" date="2025-09-26T11:58:06.236" >
    <step title="Cleanup Infos" date="2025-09-26T11:58:06.394" totalFiles="441" totalCleanup="281" /><!-- duration: 39ms -->
  </step><!-- duration: 270ms -->
  <step title="ZipPushDeploy" date="2025-09-26T11:58:07.044" >
    <step title="ZipDeploy. Extract zip. Remote build." date="2025-09-26T11:58:07.239" /><!-- duration: 71ms -->
    <step title="None repository commit" date="2025-09-26T11:58:07.463" >
      <step title="Commit id: ecb18009-f57f-4602-af5b-1477946cdde2" date="2025-09-26T11:58:07.502" Message="N/A" AuthorName="N/A" AuthorEmail="N/A" /><!-- duration: 46ms -->
    </step><!-- duration: 113ms -->
    <step title="Starting PushDeployAsync" date="2025-09-26T11:58:07.593" /><!-- duration: 34ms -->
    <step title="Writing artifact to /tmp/zipdeploy/d464b9f6-61e5-459a-90cb-88cbdf0acd81.zip" date="2025-09-26T11:58:07.965" >
      <step title="Writing multipart request body to /tmp/zipdeploy/d464b9f6-61e5-459a-90cb-88cbdf0acd81.zip" date="2025-09-26T11:58:08.029" /><!-- duration: 66ms -->
    </step><!-- duration: 923ms -->
    <step title="None repository commit" date="2025-09-26T11:58:09.111" >
      <step title="Commit id: ecb18009-f57f-4602-af5b-1477946cdde2" date="2025-09-26T11:58:09.140" Message="N/A" AuthorName="N/A" AuthorEmail="N/A" /><!-- duration: 26ms -->
    </step><!-- duration: 85ms -->
    <step title="Start deployment in the background" date="2025-09-26T11:58:09.269" >
      <step title="None repository commit" date="2025-09-26T11:58:09.715" >
        <step title="Commit id: ecb18009-f57f-4602-af5b-1477946cdde2" date="2025-09-26T11:58:09.823" Message="N/A" AuthorName="N/A" AuthorEmail="N/A" /><!-- duration: 39ms -->
      </step><!-- duration: 250ms -->
      <step title="Acquiring Deployment Lock" date="2025-09-26T11:58:10.078" /><!-- duration: 27ms -->
      <step title="Acquired Deployment Lock" date="2025-09-26T11:58:10.411" /><!-- duration: 31ms -->
    </step><!-- duration: 1653ms -->
  </step><!-- duration: 3999ms -->
  <step title="Outgoing response" date="2025-09-26T11:58:11.113" type="response" statusCode="202" statusText="Accepted" /><!-- duration: 3ms -->
</step><!-- duration: 4949ms -->
