<step title="Incoming Request" date="2025-09-26T10:16:37.092" instance="ba45b8" url="/api/publish?async=true&amp;deployer=GITHUB_ONE_DEPLOY&amp;type=zip&amp;message=%7B%22type%22%3A%22deployment%22%2C%22sha%22%3A%22ac8c690a1ed86f6ecd77ece199ccf0d81a61364d%22%2C%22repoName%22%3A%22modosenin0%2Fsmart-expense-tracker%22%2C%22actor%22%3A%22modosenin0%22%2C%22slotName%22%3A%22production%22%2C%22commitMessage%22%3A%22Fix%20Azure%20App%20Service%20deployment%20configuration%5Cn%5Cn-%20Add%20root%20package.json%20with%20proper%20backend%20startup%20script%5Cn-%20Update%20.env.example%20to%20reflect%20Azure%20Key%20Vault%20usage%5Cn-%20Configure%20npm%20start%20to%20navigate%20to%20backend%20and%20install%20dependencies%5Cn-%20Set%20correct%20startup%20command%20for%20Azure%20App%20Service%5Cn-%20Remove%20deployment%20artifacts%20that%20were%20causing%20conflicts%22%7D" method="POST" type="request" pid="824,1,7" Host="smart-expense-tracker-app.scm.azurewebsites.net" User-Agent="GITHUBACTIONS_DeployWebAppToAzure_5835cf6118cc5cc5f74e80598d4369c7edd831c8598f111ac95a3005d8e3812e" Authorization="Bas..." Content-Type="application/octet-stream" Cookie="ARRAffinity=ba45b830eaae19b6e165b2dfcb3947a4904073a482d7c81d6af1581103c5ad1b;Path=/;HttpOnly;Secure;Domain=smart-expense-tracker-app.scm.azurewebsites.net; ARRAffinitySameSite=ba45b830eaae19b6e165b2dfcb3947a4904073a482d7c81d6af1581103c5ad1b;Path=/;HttpOnly;SameSite=None;Secure;Domain=smart-expense-tracker-app.scm.azurewebsites.net" Transfer-Encoding="chunked" X-ARR-LOG-ID="17c2f3c4-684e-4db8-adda-5c0218098b65" CLIENT-IP="52.161.82.101:36904" X-SITE-DEPLOYMENT-ID="smart-expense-tracker-app" WAS-DEFAULT-HOSTNAME="smart-expense-tracker-app.scm.azurewebsites.net" X-Forwarded-Proto="https" X-AppService-Proto="https" X-Forwarded-TlsVersion="1.3" X-WAWS-Unencoded-URL="/api/publish?async=true&amp;deployer=GITHUB_ONE_DEPLOY&amp;type=zip&amp;message=%7B%22type%22%3A%22deployment%22%2C%22sha%22%3A%22ac8c690a1ed86f6ecd77ece199ccf0d81a61364d%22%2C%22repoName%22%3A%22modosenin0%2Fsmart-expense-tracker%22%2C%22actor%22%3A%22modosenin0%22%2C%22slotName%22%3A%22production%22%2C%22commitMessage%22%3A%22Fix%20Azure%20App%20Service%20deployment%20configuration%5Cn%5Cn-%20Add%20root%20package.json%20with%20proper%20backend%20startup%20script%5Cn-%20Update%20.env.example%20to%20reflect%20Azure%20Key%20Vault%20usage%5Cn-%20Configure%20npm%20start%20to%20navigate%20to%20backend%20and%20install%20dependencies%5Cn-%20Set%20correct%20startup%20command%20for%20Azure%20App%20Service%5Cn-%20Remove%20deployment%20artifacts%20that%20were%20causing%20conflicts%22%7D" X-Client-IP="52.161.82.101" X-Client-Port="36904" >
  <step title="OneDeploy" date="2025-09-26T10:16:37.177" >
    <step title="None repository commit" date="2025-09-26T10:16:37.196" >
      <step title="Commit id: 8ba7ab73-e882-4812-8c3c-5cc37355a4a8" date="2025-09-26T10:16:37.202" Message="N/A" AuthorName="N/A" AuthorEmail="N/A" /><!-- duration: 3ms -->
    </step><!-- duration: 13ms -->
    <step title="Starting PushDeployAsync" date="2025-09-26T10:16:37.213" /><!-- duration: 4ms -->
    <step title="Removing node_modules symlink" date="2025-09-26T10:16:37.247" >
      <step title="Removing _del_node_modules symlink" date="2025-09-26T10:16:37.336" >
        <step title="Writing artifact to /tmp/zipdeploy/8b1b69ca-08d2-4fe7-95bc-997919fc40e7.zip" date="2025-09-26T10:16:37.411" >
          <step title="Writing multipart request body to /tmp/zipdeploy/8b1b69ca-08d2-4fe7-95bc-997919fc40e7.zip" date="2025-09-26T10:16:37.427" /><!-- duration: 11ms -->
        </step><!-- duration: 2409ms -->
        <step title="Start deployment in the background" date="2025-09-26T10:16:39.887" >
          <step title="Acquiring Deployment Lock" date="2025-09-26T10:16:39.978" /><!-- duration: 37ms -->
          <step title="Acquired Deployment Lock" date="2025-09-26T10:16:40.114" /><!-- duration: 6ms -->
        </step><!-- duration: 364ms -->
      </step><!-- duration: 2936ms -->
      <step title="Outgoing response" date="2025-09-26T10:16:40.327" type="response" statusCode="202" statusText="Accepted" /><!-- duration: 9ms -->
    </step><!-- duration: 3097ms -->
