<step title="Incoming Request" date="2025-09-26T12:17:38.561" instance="ba45b8" url="/api/deployments/latest?deployer=OneDeploy&amp;time=2025-09-26_12-17-23Z" method="GET" type="request" pid="823,1,23" Host="smart-expense-tracker-app.scm.azurewebsites.net" User-Agent="GITHUBACTIONS_DeployWebAppToAzure_5835cf6118cc5cc5f74e80598d4369c7edd831c8598f111ac95a3005d8e3812e" Authorization="Bas..." Content-Type="application/json; charset=utf-8" Cookie="ARRAffinity=ba45b830eaae19b6e165b2dfcb3947a4904073a482d7c81d6af1581103c5ad1b;Path=/;HttpOnly;Secure;Domain=smart-expense-tracker-app.scm.azurewebsites.net; ARRAffinitySameSite=ba45b830eaae19b6e165b2dfcb3947a4904073a482d7c81d6af1581103c5ad1b;Path=/;HttpOnly;SameSite=None;Secure;Domain=smart-expense-tracker-app.scm.azurewebsites.net" Content-Length="0" X-ARR-LOG-ID="a1743d58-0a55-4ec0-8fae-d184035b7b01" CLIENT-IP="20.55.222.86:1072" X-SITE-DEPLOYMENT-ID="smart-expense-tracker-app" WAS-DEFAULT-HOSTNAME="smart-expense-tracker-app.scm.azurewebsites.net" X-Forwarded-Proto="https" X-AppService-Proto="https" X-Forwarded-TlsVersion="1.3" X-WAWS-Unencoded-URL="/api/deployments/latest?deployer=OneDeploy&amp;time=2025-09-26_12-17-23Z" X-Client-IP="20.55.222.86" X-Client-Port="1072" >
  <step title="Cleanup Xml Logs" date="2025-09-26T12:17:38.569" >
    <step title="Cleanup Infos" date="2025-09-26T12:17:38.641" totalFiles="476" totalCleanup="316" /><!-- duration: 23ms -->
  </step><!-- duration: 111ms -->
  <step title="DeploymentService.GetResult" date="2025-09-26T12:17:38.728" >
    <step title="DeploymentService.GetLatestDeployment" date="2025-09-26T12:17:38.745" >
      <step title="DeploymentManager.GetResults" date="2025-09-26T12:17:38.754" /><!-- duration: 903ms -->
    </step><!-- duration: 922ms -->
  </step><!-- duration: 943ms -->
  <step title="Outgoing response" date="2025-09-26T12:17:39.686" type="response" statusCode="202" statusText="Accepted" /><!-- duration: 10ms -->
</step><!-- duration: 1143ms -->
