<step title="Incoming Request" date="2025-09-26T11:07:43.963" instance="ba45b8" url="/api/publish?type=zip" method="POST" type="request" pid="822,1,31" Accept="*/*" Host="smart-expense-tracker-app.scm.azurewebsites.net" User-Agent="AZURECLI/2.73.0 (MSI)" Accept-Encoding="gzip, deflate" Authorization="Bas..." Cache-Control="no-cache" Content-Type="application/octet-stream" Cookie="ARRAffinity=ba45b830eaae19b6e165b2dfcb3947a4904073a482d7c81d6af1581103c5ad1b; ARRAffinitySameSite=ba45b830eaae19b6e165b2dfcb3947a4904073a482d7c81d6af1581103c5ad1b" Content-Length="13857" x-ms-client-request-id="fc5009e6-9ac8-11f0-8318-f6baf5cfb671" x-ms-artifact-checksum="ae68335efaaca944e03e39919ec521bc77d0f55867836ed5de70fdb7f29575b1" X-ARR-LOG-ID="fc5009e6-9ac8-11f0-8318-f6baf5cfb671" CLIENT-IP="188.214.15.176:40176" X-SITE-DEPLOYMENT-ID="smart-expense-tracker-app" WAS-DEFAULT-HOSTNAME="smart-expense-tracker-app.scm.azurewebsites.net" X-Forwarded-Proto="https" X-AppService-Proto="https" X-Forwarded-TlsVersion="1.3" X-WAWS-Unencoded-URL="/api/publish?type=zip" X-Client-IP="188.214.15.176" X-Client-Port="40176" >
  <step title="OneDeploy" date="2025-09-26T11:07:44.143" >
    <step title="None repository commit" date="2025-09-26T11:07:44.162" >
      <step title="Commit id: 9f9afd7d-176f-4b4f-83ea-9239c06f5cb5" date="2025-09-26T11:07:44.168" Message="N/A" AuthorName="N/A" AuthorEmail="N/A" /><!-- duration: 4ms -->
    </step><!-- duration: 15ms -->
    <step title="Starting PushDeployAsync" date="2025-09-26T11:07:44.184" /><!-- duration: 3ms -->
    <step title="Removing node_modules symlink" date="2025-09-26T11:07:44.221" >
      <step title="Removing _del_node_modules symlink" date="2025-09-26T11:07:44.364" >
        <step title="Writing artifact to /tmp/zipdeploy/de0f88e5-29c8-46ac-b57f-146f30e58dd6.zip" date="2025-09-26T11:07:44.431" >
          <step title="Writing multipart request body to /tmp/zipdeploy/de0f88e5-29c8-46ac-b57f-146f30e58dd6.zip" date="2025-09-26T11:07:44.436" /><!-- duration: 7ms -->
        </step><!-- duration: 103ms -->
        <step title="Attempting to fetch target branch HEAD" date="2025-09-26T11:07:44.550" /><!-- duration: 2ms -->
        <step title="Acquiring Deployment Lock" date="2025-09-26T11:07:44.556" /><!-- duration: 7ms -->
        <step title="Acquired Deployment Lock" date="2025-09-26T11:07:44.621" /><!-- duration: 10ms -->
        <step title="Performing fetch based deployment" date="2025-09-26T11:07:44.644" >
          <step title="Creating temporary deployment" date="2025-09-26T11:07:44.662" /><!-- duration: 102ms -->
          <step title="Releasing Deployment Lock" date="2025-09-26T11:07:46.034" /><!-- duration: 7ms -->
          <step title="Cleaning up temp folders from previous zip deployments and extracting pushed zip file /tmp/zipdeploy/de0f88e5-29c8-46ac-b57f-146f30e58dd6.zip (0.01 MB) to /tmp/zipdeploy/extracted" date="2025-09-26T11:07:46.107" >
            <step title="ChmodRecursive Process exited with total time taken in ms: 48" date="2025-09-26T11:07:46.227" /><!-- duration: 9ms -->
          </step><!-- duration: 133ms -->
          <step title="None repository commit" date="2025-09-26T11:07:46.245" >
            <step title="Commit id: 9f9afd7d-176f-4b4f-83ea-9239c06f5cb5" date="2025-09-26T11:07:46.252" Message="OneDeploy" AuthorName="N/A" AuthorEmail="N/A" /><!-- duration: 11ms -->
          </step><!-- duration: 22ms -->
          <step title="Deployment timer started" date="2025-09-26T11:07:48.287" >
            <step title="DeploymentManager.Deploy(id:9f9afd7d-176f-4b4f-83ea-9239c06f5cb5)" date="2025-09-26T11:07:48.299" >
              <step title="Collecting changeset information" date="2025-09-26T11:07:48.338" /><!-- duration: 128ms -->
              <step title="Updating submodules" date="2025-09-26T11:07:48.474" /><!-- duration: 1178ms -->
              <step title="Determining deployment builder" date="2025-09-26T11:07:50.011" >
                <step title="Builder is OneDeployBuilder" date="2025-09-26T11:07:50.029" /><!-- duration: 7ms -->
              </step><!-- duration: 31ms -->
              <step title="PreDeployment: context.CleanOutputPath False" date="2025-09-26T11:07:50.112" >
                <step title="PreDeployment: context.OutputPath /home/site/wwwroot" date="2025-09-26T11:07:50.279" >
                  <step title="Building" date="2025-09-26T11:07:50.485" >
                    <step title="Executing external process" date="2025-09-26T11:07:51.184" type="process" path="starter.sh" arguments="/opt/Kudu/Scripts/parallel_rsync.sh /tmp/zipdeploy/extracted /home/site/wwwroot 8 /tmp/ False False  " >
                      <step title="Process dump" date="2025-09-26T11:08:05.669" exitCode="123" type="processOutput" /><!-- duration: 11ms -->
                    </step><!-- duration: 14500ms -->
                    <step title="Error occurred" date="2025-09-26T11:08:05.783" type="error" text="rsync: [receiver] open &quot;/home/site/wwwroot/src\config\appInsights.js&quot; failed: Invalid argument (22)
rsync: [receiver] open &quot;/home/site/wwwroot/src\models\categoryModel.js&quot; failed: Invalid argument (22)
rsync: [receiver] open &quot;/home/site/wwwroot/src\routes\analyticsRoutes.js&quot; failed: Invalid argument (22)
rsync: [receiver] open &quot;/home/site/wwwroot/src\config\configManager.js&quot; failed: Invalid argument (22)
rsync: [receiver] open &quot;/home/site/wwwroot/src\config\db.js&quot; failed: Invalid argument (22)
rsync: [receiver] open &quot;/home/site/wwwroot/src\routes\expenseRoutes.js&quot; failed: Invalid argument (22)
rsync: [receiver] open &quot;/home/site/wwwroot/src\controllers\authController.js&quot; failed: Invalid argument (22)
rsync: [receiver] open &quot;/home/site/wwwroot/src\controllers\expenseController.js&quot; failed: Invalid argument (22)
rsync: [receiver] open &quot;/home/site/wwwroot/src\models\analyticsModel.js&quot; failed: Invalid argument (22)
rsync: [receiver] open &quot;/home/site/wwwroot/src\index.js&quot; failed: Invalid argument (22)
rsync: [receiver] open &quot;/home/site/wwwroot/src\routes\categoryRoutes.js&quot; failed: Invalid argument (22)
rsync: [receiver] open &quot;/home/site/wwwroot/src\routes\healthRoutes.js&quot; failed: Invalid argument (22)
rsync: [receiver] open &quot;/home/site/wwwroot/src\controllers\categoryController.js&quot; failed: Invalid argument (22)
rsync: [receiver] open &quot;/home/site/wwwroot/src\models\userModel.js&quot; failed: Invalid argument (22)
rsync: [receiver] open &quot;/home/site/wwwroot/src\routes\authRoutes.js&quot; failed: Invalid argument (22)
rsync: [receiver] open &quot;/home/site/wwwroot/src\controllers\analyticsController.js&quot; failed: Invalid argument (22)
rsync: [receiver] open &quot;/home/site/wwwroot/src\middleware\authMiddleware.js&quot; failed: Invalid argument (22)
rsync: [receiver] open &quot;/home/site/wwwroot/src\models\expenseModel.js&quot; failed: Invalid argument (22)
rsync error: some files/attrs were not transferred (see previous errors) (code 23) at main.c(1338) [sender=3.2.7]
rsync error: some files/attrs were not transferred (see previous errors) (code 23) at main.c(1338) [sender=3.2.7]
rsync error: some files/attrs were not transferred (see previous errors) (code 23) at main.c(1338) [sender=3.2.7]
rsync error: some files/attrs were not transferred (see previous errors) (code 23) at main.c(1338) [sender=3.2.7]
rsync: [receiver] open &quot;/home/site/wwwroot/docs\SQL-scripts.sql&quot; failed: Invalid argument (22)
rsync: [receiver] open &quot;/home/site/wwwroot/src\config\keyVault.js&quot; failed: Invalid argument (22)
rsync error: some files/attrs were not transferred (see previous errors) (code 23) at main.c(1338) [sender=3.2.7]
rsync error: some files/attrs were not transferred (see previous errors) (code 23) at main.c(1338) [sender=3.2.7]
rsync error: some files/attrs were not transferred (see previous errors) (code 23) at main.c(1338) [sender=3.2.7]
rsync: [receiver] open &quot;/home/site/wwwroot/src\config\appInsights.js&quot; failed: Invalid argument (22)
rsync: [receiver] open &quot;/home/site/wwwroot/src\models\categoryModel.js&quot; failed: Invalid argument (22)
rsync: [receiver] open &quot;/home/site/wwwroot/src\routes\analyticsRoutes.js&quot; failed: Invalid argument (22)
rsync: [receiver] open &quot;/home/site/wwwroot/src\controllers\analyticsController.js&quot; failed: Invalid argument (22)
rsync: [receiver] open &quot;/home/site/wwwroot/src\middleware\authMiddleware.js&quot; failed: Invalid argument (22)
rsync: [receiver] open &quot;/home/site/wwwroot/src\models\expenseModel.js&quot; failed: Invalid argument (22)
rsync: [receiver] open &quot;/home/site/wwwroot/src\controllers\categoryController.js&quot; failed: Invalid argument (22)
rsync: [receiver] open &quot;/home/site/wwwroot/src\models\userModel.js&quot; failed: Invalid argument (22)
rsync: [receiver] open &quot;/home/site/wwwroot/src\routes\authRoutes.js&quot; failed: Invalid argument (22)
rsync error: some files/attrs were not transferred (see previous errors) (code 23) at main.c(1338) [sender=3.2.7]
rsync: [receiver] open &quot;/home/site/wwwroot/src\controllers\authController.js&quot; failed: Invalid argument (22)
rsync: [receiver] open &quot;/home/site/wwwroot/src\controllers\expenseController.js&quot; failed: Invalid argument (22)
rsync: [receiver] open &quot;/home/site/wwwroot/src\models\analyticsModel.js&quot; failed: Invalid argument (22)
rsync: [receiver] open &quot;/home/site/wwwroot/src\config\configManager.js&quot; failed: Invalid argument (22)
rsync: [receiver] open &quot;/home/site/wwwroot/src\config\db.js&quot; failed: Invalid argument (22)
rsync: [receiver] open &quot;/home/site/wwwroot/src\routes\expenseRoutes.js&quot; failed: Invalid argument (22)
rsync: [receiver] open &quot;/home/site/wwwroot/src\index.js&quot; failed: Invalid argument (22)
rsync: [receiver] open &quot;/home/site/wwwroot/src\routes\categoryRoutes.js&quot; failed: Invalid argument (22)
rsync: [receiver] open &quot;/home/site/wwwroot/src\routes\healthRoutes.js&quot; failed: Invalid argument (22)
rsync: [receiver] open &quot;/home/site/wwwroot/docs\SQL-scripts.sql&quot; failed: Invalid argument (22)
rsync: [receiver] open &quot;/home/site/wwwroot/src\config\keyVault.js&quot; failed: Invalid argument (22)
rsync error: some files/attrs were not transferred (see previous errors) (code 23) at main.c(1338) [sender=3.2.7]
rsync error: some files/attrs were not transferred (see previous errors) (code 23) at main.c(1338) [sender=3.2.7]
rsync error: some files/attrs were not transferred (see previous errors) (code 23) at main.c(1338) [sender=3.2.7]
rsync error: some files/attrs were not transferred (see previous errors) (code 23) at main.c(1338) [sender=3.2.7]
rsync error: some files/attrs were not transferred (see previous errors) (code 23) at main.c(1338) [sender=3.2.7]
rsync error: some files/attrs were not transferred (see previous errors) (code 23) at main.c(1338) [sender=3.2.7]
/opt/Kudu/Scripts/starter.sh /opt/Kudu/Scripts/parallel_rsync.sh /tmp/zipdeploy/extracted /home/site/wwwroot 8 /tmp/ False False  " stackTrace="   at Kudu.Core.Infrastructure.Executable.ExecuteInternal(ITracer tracer, Func`2 onWriteOutput, Func`2 onWriteError, CancellationToken token, Encoding encoding, String arguments, Object[] args) in /tmp/KuduLite/Kudu.Core/Infrastructure/Executable.cs:line 239
   at Kudu.Core.Infrastructure.Executable.ExecuteWithProgressWriter(ILogger logger, ITracer tracer, CancellationToken token, String arguments, Object[] args) in /tmp/KuduLite/Kudu.Core/Infrastructure/Executable.cs:line 118
   at Kudu.Core.Deployment.Generator.ExternalCommandBuilder.RunCommand(DeploymentContext context, String command, Boolean ignoreManifest, CancellationToken token, String message) in /tmp/KuduLite/Kudu.Core/Deployment/Generator/ExternalCommandBuilder.cs:line 122" /><!-- duration: 11ms -->
                    <step title="Error occurred" date="2025-09-26T11:08:06.178" type="error" text="Invalid argument : &apos;/home/site/wwwroot/docs\SQL-scripts.sql&apos;" stackTrace="   at Interop.ThrowExceptionForIoErrno(ErrorInfo errorInfo, String path, Boolean isDirError)
   at Microsoft.Win32.SafeHandles.SafeFileHandle.Open(String fullPath, FileMode mode, FileAccess access, FileShare share, FileOptions options, Int64 preallocationSize, UnixFileMode openPermissions, Int64&amp; fileLength, UnixFileMode&amp; filePermissions, Boolean failForSymlink, Boolean&amp; wasSymlink, Func`4 createOpenException)
   at System.IO.FileSystem.CopyFile(String sourceFullPath, String destFullPath, Boolean overwrite)
   at Kudu.Core.Infrastructure.FileSystemHelpers.CopyDirectoryRecursive(String sourceDirPath, String destinationDirPath, Boolean overwrite) in /tmp/KuduLite/Kudu.Core/Infrastructure/FileSystemHelpers.cs:line 239
   at Kudu.Core.Deployment.Generator.OneDeployBuilder.Build(DeploymentContext context, CancellationToken token) in /tmp/KuduLite/Kudu.Core/Deployment/Generator/OneDeployBuilder.cs:line 108
   at Kudu.Core.Deployment.DeploymentManager.Build(ChangeSet changeSet, ITracer tracer, IDisposable deployStep, IRepository repository, DeploymentInfoBase deploymentInfo, DeploymentAnalytics deploymentAnalytics, Boolean fullBuildByDefault, CancellationToken cancellationToken) in /tmp/KuduLite/Kudu.Core/Deployment/DeploymentManager.cs:line 771" /><!-- duration: 4ms -->
                    <step title="Purge deployment items" date="2025-09-26T11:08:07.016" >
                      <step title="Remove a582714b-, Failed, received at 09/26/2025 10:50:54" date="2025-09-26T11:08:07.074" /><!-- duration: 3ms -->
                      <step title="Remove temp-e9d0, Failed, received at 09/26/2025 10:49:57" date="2025-09-26T11:08:07.145" /><!-- duration: 4ms -->
                    </step><!-- duration: 136ms -->
                  </step><!-- duration: 16671ms -->
                </step><!-- duration: 16884ms -->
                <step title="Error occurred" date="2025-09-26T11:08:07.166" type="error" text="Invalid argument : &apos;/home/site/wwwroot/docs\SQL-scripts.sql&apos;" stackTrace="   at Interop.ThrowExceptionForIoErrno(ErrorInfo errorInfo, String path, Boolean isDirError)
   at Microsoft.Win32.SafeHandles.SafeFileHandle.Open(String fullPath, FileMode mode, FileAccess access, FileShare share, FileOptions options, Int64 preallocationSize, UnixFileMode openPermissions, Int64&amp; fileLength, UnixFileMode&amp; filePermissions, Boolean failForSymlink, Boolean&amp; wasSymlink, Func`4 createOpenException)
   at System.IO.FileSystem.CopyFile(String sourceFullPath, String destFullPath, Boolean overwrite)
   at Kudu.Core.Infrastructure.FileSystemHelpers.CopyDirectoryRecursive(String sourceDirPath, String destinationDirPath, Boolean overwrite) in /tmp/KuduLite/Kudu.Core/Infrastructure/FileSystemHelpers.cs:line 239
   at Kudu.Core.Deployment.Generator.OneDeployBuilder.Build(DeploymentContext context, CancellationToken token) in /tmp/KuduLite/Kudu.Core/Deployment/Generator/OneDeployBuilder.cs:line 108
   at Kudu.Core.Deployment.DeploymentManager.Build(ChangeSet changeSet, ITracer tracer, IDisposable deployStep, IRepository repository, DeploymentInfoBase deploymentInfo, DeploymentAnalytics deploymentAnalytics, Boolean fullBuildByDefault, CancellationToken cancellationToken) in /tmp/KuduLite/Kudu.Core/Deployment/DeploymentManager.cs:line 771
   at Kudu.Core.Deployment.DeploymentManager.Build(ChangeSet changeSet, ITracer tracer, IDisposable deployStep, IRepository repository, DeploymentInfoBase deploymentInfo, DeploymentAnalytics deploymentAnalytics, Boolean fullBuildByDefault, CancellationToken cancellationToken) in /tmp/KuduLite/Kudu.Core/Deployment/DeploymentManager.cs:line 840" /><!-- duration: 13ms -->
                <step title="Cleaning up temp files" date="2025-09-26T11:08:07.295" /><!-- duration: 10ms -->
                <step title="Cleaning up temp files" date="2025-09-26T11:08:07.317" /><!-- duration: 509ms -->
                <step title="Error occurred" date="2025-09-26T11:08:07.931" type="error" text="Invalid argument : &apos;/home/site/wwwroot/docs\SQL-scripts.sql&apos;" stackTrace="   at Interop.ThrowExceptionForIoErrno(ErrorInfo errorInfo, String path, Boolean isDirError)
   at Microsoft.Win32.SafeHandles.SafeFileHandle.Open(String fullPath, FileMode mode, FileAccess access, FileShare share, FileOptions options, Int64 preallocationSize, UnixFileMode openPermissions, Int64&amp; fileLength, UnixFileMode&amp; filePermissions, Boolean failForSymlink, Boolean&amp; wasSymlink, Func`4 createOpenException)
   at System.IO.FileSystem.CopyFile(String sourceFullPath, String destFullPath, Boolean overwrite)
   at Kudu.Core.Infrastructure.FileSystemHelpers.CopyDirectoryRecursive(String sourceDirPath, String destinationDirPath, Boolean overwrite) in /tmp/KuduLite/Kudu.Core/Infrastructure/FileSystemHelpers.cs:line 239
   at Kudu.Core.Deployment.Generator.OneDeployBuilder.Build(DeploymentContext context, CancellationToken token) in /tmp/KuduLite/Kudu.Core/Deployment/Generator/OneDeployBuilder.cs:line 108
   at Kudu.Core.Deployment.DeploymentManager.Build(ChangeSet changeSet, ITracer tracer, IDisposable deployStep, IRepository repository, DeploymentInfoBase deploymentInfo, DeploymentAnalytics deploymentAnalytics, Boolean fullBuildByDefault, CancellationToken cancellationToken) in /tmp/KuduLite/Kudu.Core/Deployment/DeploymentManager.cs:line 771
   at Kudu.Core.Deployment.DeploymentManager.Build(ChangeSet changeSet, ITracer tracer, IDisposable deployStep, IRepository repository, DeploymentInfoBase deploymentInfo, DeploymentAnalytics deploymentAnalytics, Boolean fullBuildByDefault, CancellationToken cancellationToken) in /tmp/KuduLite/Kudu.Core/Deployment/DeploymentManager.cs:line 840
   at Kudu.Core.Deployment.DeploymentManager.DeployAsync(IRepository repository, ChangeSet changeSet, String deployer, Boolean clean, DeploymentInfoBase deploymentInfo, Boolean needFileUpdate, Boolean fullBuildByDefault) in /tmp/KuduLite/Kudu.Core/Deployment/DeploymentManager.cs:line 266" /><!-- duration: 8ms -->
              </step><!-- duration: 17835ms -->
              <step title="Reloading status file with latest updates" date="2025-09-26T11:08:08.013" >
                <step title="WebHooksManager.PublishEventAsync: PostDeployment" date="2025-09-26T11:08:08.021" /><!-- duration: 113ms -->
              </step><!-- duration: 130ms -->
              <step title="Error occurred" date="2025-09-26T11:08:08.146" type="error" text="Invalid argument : &apos;/home/site/wwwroot/docs\SQL-scripts.sql&apos;" stackTrace="   at Interop.ThrowExceptionForIoErrno(ErrorInfo errorInfo, String path, Boolean isDirError)
   at Microsoft.Win32.SafeHandles.SafeFileHandle.Open(String fullPath, FileMode mode, FileAccess access, FileShare share, FileOptions options, Int64 preallocationSize, UnixFileMode openPermissions, Int64&amp; fileLength, UnixFileMode&amp; filePermissions, Boolean failForSymlink, Boolean&amp; wasSymlink, Func`4 createOpenException)
   at System.IO.FileSystem.CopyFile(String sourceFullPath, String destFullPath, Boolean overwrite)
   at Kudu.Core.Infrastructure.FileSystemHelpers.CopyDirectoryRecursive(String sourceDirPath, String destinationDirPath, Boolean overwrite) in /tmp/KuduLite/Kudu.Core/Infrastructure/FileSystemHelpers.cs:line 239
   at Kudu.Core.Deployment.Generator.OneDeployBuilder.Build(DeploymentContext context, CancellationToken token) in /tmp/KuduLite/Kudu.Core/Deployment/Generator/OneDeployBuilder.cs:line 108
   at Kudu.Core.Deployment.DeploymentManager.Build(ChangeSet changeSet, ITracer tracer, IDisposable deployStep, IRepository repository, DeploymentInfoBase deploymentInfo, DeploymentAnalytics deploymentAnalytics, Boolean fullBuildByDefault, CancellationToken cancellationToken) in /tmp/KuduLite/Kudu.Core/Deployment/DeploymentManager.cs:line 771
   at Kudu.Core.Deployment.DeploymentManager.Build(ChangeSet changeSet, ITracer tracer, IDisposable deployStep, IRepository repository, DeploymentInfoBase deploymentInfo, DeploymentAnalytics deploymentAnalytics, Boolean fullBuildByDefault, CancellationToken cancellationToken) in /tmp/KuduLite/Kudu.Core/Deployment/DeploymentManager.cs:line 840
   at Kudu.Core.Deployment.DeploymentManager.DeployAsync(IRepository repository, ChangeSet changeSet, String deployer, Boolean clean, DeploymentInfoBase deploymentInfo, Boolean needFileUpdate, Boolean fullBuildByDefault) in /tmp/KuduLite/Kudu.Core/Deployment/DeploymentManager.cs:line 266" /><!-- duration: 3ms -->
              <step title="Marking deployment as failed and cleaning up the temp deployment" date="2025-09-26T11:08:08.222" /><!-- duration: 5ms -->
            </step><!-- duration: 20086ms -->
          </step><!-- duration: 20104ms -->
          <step title="Error occurred" date="2025-09-26T11:08:08.417" type="error" text="Deployment failed" stackTrace="   at Kudu.Core.Deployment.DeploymentManager.DeployAsync(IRepository repository, ChangeSet changeSet, String deployer, Boolean clean, DeploymentInfoBase deploymentInfo, Boolean needFileUpdate, Boolean fullBuildByDefault) in /tmp/KuduLite/Kudu.Core/Deployment/DeploymentManager.cs:line 307
   at Kudu.Core.Deployment.FetchDeploymentManager.PerformDeployment(DeploymentInfoBase deploymentInfo, IDisposable tempDeployment, ChangeSet tempChangeSet, DeployStatusApiResult updateStatusObj) in /tmp/KuduLite/Kudu.Core/Deployment/FetchDeploymentManager.cs:line 230
   at Kudu.Core.Deployment.FetchDeploymentManager.&lt;&gt;c__DisplayClass17_0.&lt;&lt;FetchDeploy&gt;b__0&gt;d.MoveNext() in /tmp/KuduLite/Kudu.Core/Deployment/FetchDeploymentManager.cs:line 131
--- End of stack trace from previous location ---
   at Kudu.Core.Deployment.FetchDeploymentManager.FetchDeploy(DeploymentInfoBase deployInfo, Boolean asyncRequested, Uri requestUri, String targetBranch) in /tmp/KuduLite/Kudu.Core/Deployment/FetchDeploymentManager.cs:line 124
   at Kudu.Services.Deployment.PushDeploymentController.PushDeployAsync(ArtifactDeploymentInfo deploymentInfo, Boolean isAsync, HttpContext context, JObject requestJson) in /tmp/KuduLite/Kudu.Services/Deployment/PushDeploymentController.cs:line 791
   at Kudu.Services.Deployment.PushDeploymentController.OneDeploy(String type, Boolean async, String path, Nullable`1 restart, Nullable`1 clean, Boolean ignoreStack, Boolean trackDeploymentProgress, Boolean trackStatus, Boolean reset) in /tmp/KuduLite/Kudu.Services/Deployment/PushDeploymentController.cs:line 624
   at Microsoft.AspNetCore.Mvc.Infrastructure.ActionMethodExecutor.TaskOfIActionResultExecutor.Execute(ActionContext actionContext, IActionResultTypeMapper mapper, ObjectMethodExecutor executor, Object controller, Object[] arguments)
   at Microsoft.AspNetCore.Mvc.Infrastructure.ControllerActionInvoker.&lt;InvokeActionMethodAsync&gt;g__Awaited|12_0(ControllerActionInvoker invoker, ValueTask`1 actionResultValueTask)
   at Microsoft.AspNetCore.Mvc.Infrastructure.ControllerActionInvoker.&lt;InvokeNextActionFilterAsync&gt;g__Awaited|10_0(ControllerActionInvoker invoker, Task lastTask, State next, Scope scope, Object state, Boolean isCompleted)
   at Microsoft.AspNetCore.Mvc.Infrastructure.ControllerActionInvoker.Rethrow(ActionExecutedContextSealed context)
   at Microsoft.AspNetCore.Mvc.Infrastructure.ControllerActionInvoker.Next(State&amp; next, Scope&amp; scope, Object&amp; state, Boolean&amp; isCompleted)
   at Microsoft.AspNetCore.Mvc.Infrastructure.ControllerActionInvoker.&lt;InvokeInnerFilterAsync&gt;g__Awaited|13_0(ControllerActionInvoker invoker, Task lastTask, State next, Scope scope, Object state, Boolean isCompleted)
   at Microsoft.AspNetCore.Mvc.Infrastructure.ResourceInvoker.&lt;InvokeNextResourceFilter&gt;g__Awaited|25_0(ResourceInvoker invoker, Task lastTask, State next, Scope scope, Object state, Boolean isCompleted)
   at Microsoft.AspNetCore.Mvc.Infrastructure.ResourceInvoker.Rethrow(ResourceExecutedContextSealed context)
   at Microsoft.AspNetCore.Mvc.Infrastructure.ResourceInvoker.Next(State&amp; next, Scope&amp; scope, Object&amp; state, Boolean&amp; isCompleted)
   at Microsoft.AspNetCore.Mvc.Infrastructure.ResourceInvoker.&lt;InvokeFilterPipelineAsync&gt;g__Awaited|20_0(ResourceInvoker invoker, Task lastTask, State next, Scope scope, Object state, Boolean isCompleted)
   at Microsoft.AspNetCore.Mvc.Infrastructure.ResourceInvoker.&lt;InvokeAsync&gt;g__Awaited|17_0(ResourceInvoker invoker, Task task, IDisposable scope)
   at Microsoft.AspNetCore.Mvc.Infrastructure.ResourceInvoker.&lt;InvokeAsync&gt;g__Awaited|17_0(ResourceInvoker invoker, Task task, IDisposable scope)
   at Microsoft.AspNetCore.Builder.RouterMiddleware.Invoke(HttpContext httpContext)
   at Kudu.Services.Web.Tracing.TraceMiddleware.Invoke(HttpContext context) in /tmp/KuduLite/Kudu.Services.Web/Tracing/TraceMiddleware.cs:line 101" innerText="Invalid argument : &apos;/home/site/wwwroot/docs\SQL-scripts.sql&apos;" innerStackTrace="   at Interop.ThrowExceptionForIoErrno(ErrorInfo errorInfo, String path, Boolean isDirError)
   at Microsoft.Win32.SafeHandles.SafeFileHandle.Open(String fullPath, FileMode mode, FileAccess access, FileShare share, FileOptions options, Int64 preallocationSize, UnixFileMode openPermissions, Int64&amp; fileLength, UnixFileMode&amp; filePermissions, Boolean failForSymlink, Boolean&amp; wasSymlink, Func`4 createOpenException)
   at System.IO.FileSystem.CopyFile(String sourceFullPath, String destFullPath, Boolean overwrite)
   at Kudu.Core.Infrastructure.FileSystemHelpers.CopyDirectoryRecursive(String sourceDirPath, String destinationDirPath, Boolean overwrite) in /tmp/KuduLite/Kudu.Core/Infrastructure/FileSystemHelpers.cs:line 239
   at Kudu.Core.Deployment.Generator.OneDeployBuilder.Build(DeploymentContext context, CancellationToken token) in /tmp/KuduLite/Kudu.Core/Deployment/Generator/OneDeployBuilder.cs:line 108
   at Kudu.Core.Deployment.DeploymentManager.Build(ChangeSet changeSet, ITracer tracer, IDisposable deployStep, IRepository repository, DeploymentInfoBase deploymentInfo, DeploymentAnalytics deploymentAnalytics, Boolean fullBuildByDefault, CancellationToken cancellationToken) in /tmp/KuduLite/Kudu.Core/Deployment/DeploymentManager.cs:line 771
   at Kudu.Core.Deployment.DeploymentManager.Build(ChangeSet changeSet, ITracer tracer, IDisposable deployStep, IRepository repository, DeploymentInfoBase deploymentInfo, DeploymentAnalytics deploymentAnalytics, Boolean fullBuildByDefault, CancellationToken cancellationToken) in /tmp/KuduLite/Kudu.Core/Deployment/DeploymentManager.cs:line 840
   at Kudu.Core.Deployment.DeploymentManager.DeployAsync(IRepository repository, ChangeSet changeSet, String deployer, Boolean clean, DeploymentInfoBase deploymentInfo, Boolean needFileUpdate, Boolean fullBuildByDefault) in /tmp/KuduLite/Kudu.Core/Deployment/DeploymentManager.cs:line 266" /><!-- duration: 8ms -->
          <step title="Incoming Request" date="2025-09-26T11:08:08.462" url="/Error?type=zip" method="POST" type="request" pid="822,1,31" Accept="*/*" Host="smart-expense-tracker-app.scm.azurewebsites.net" User-Agent="AZURECLI/2.73.0 (MSI)" Accept-Encoding="gzip, deflate" Authorization="Bas..." Cache-Control="no-cache" Content-Type="application/octet-stream" Cookie="ARRAffinity=ba45b830eaae19b6e165b2dfcb3947a4904073a482d7c81d6af1581103c5ad1b; ARRAffinitySameSite=ba45b830eaae19b6e165b2dfcb3947a4904073a482d7c81d6af1581103c5ad1b" Content-Length="13857" x-ms-client-request-id="fc5009e6-9ac8-11f0-8318-f6baf5cfb671" x-ms-artifact-checksum="ae68335efaaca944e03e39919ec521bc77d0f55867836ed5de70fdb7f29575b1" X-ARR-LOG-ID="fc5009e6-9ac8-11f0-8318-f6baf5cfb671" CLIENT-IP="188.214.15.176:40176" X-SITE-DEPLOYMENT-ID="smart-expense-tracker-app" WAS-DEFAULT-HOSTNAME="smart-expense-tracker-app.scm.azurewebsites.net" X-Forwarded-Proto="https" X-AppService-Proto="https" X-Forwarded-TlsVersion="1.3" X-WAWS-Unencoded-URL="/api/publish?type=zip" X-Client-IP="188.214.15.176" X-Client-Port="40176" >
            <step title="Outgoing response" date="2025-09-26T11:08:08.528" type="response" statusCode="400" statusText="BadRequest" /><!-- duration: 7ms -->
          </step><!-- duration: 78ms -->
