<step title="Incoming Request" date="2025-09-26T11:44:10.779" instance="ba45b8" url="/api/publish?async=true&amp;deployer=GITHUB_ONE_DEPLOY&amp;type=zip&amp;message=%7B%22type%22%3A%22deployment%22%2C%22sha%22%3A%221a38c2abe78fcc72a9bdce6d20f36de94186eddf%22%2C%22repoName%22%3A%22modosenin0%2Fsmart-expense-tracker%22%2C%22actor%22%3A%22modosenin0%22%2C%22slotName%22%3A%22production%22%2C%22commitMessage%22%3A%22Add%20comprehensive%20error%20handling%20and%20fallback%20configuration%20for%20Azure%20deployment%22%7D" method="POST" type="request" pid="823,1,24" Host="smart-expense-tracker-app.scm.azurewebsites.net" User-Agent="GITHUBACTIONS_DeployWebAppToAzure_5835cf6118cc5cc5f74e80598d4369c7edd831c8598f111ac95a3005d8e3812e" Authorization="Bas..." Content-Type="application/octet-stream" Cookie="ARRAffinity=ba45b830eaae19b6e165b2dfcb3947a4904073a482d7c81d6af1581103c5ad1b;Path=/;HttpOnly;Secure;Domain=smart-expense-tracker-app.scm.azurewebsites.net; ARRAffinitySameSite=ba45b830eaae19b6e165b2dfcb3947a4904073a482d7c81d6af1581103c5ad1b;Path=/;HttpOnly;SameSite=None;Secure;Domain=smart-expense-tracker-app.scm.azurewebsites.net" Transfer-Encoding="chunked" X-ARR-LOG-ID="32c1d8ec-d0e8-44f4-bc41-139fa1d1cc35" CLIENT-IP="20.236.100.2:5056" X-SITE-DEPLOYMENT-ID="smart-expense-tracker-app" WAS-DEFAULT-HOSTNAME="smart-expense-tracker-app.scm.azurewebsites.net" X-Forwarded-Proto="https" X-AppService-Proto="https" X-Forwarded-TlsVersion="1.3" X-WAWS-Unencoded-URL="/api/publish?async=true&amp;deployer=GITHUB_ONE_DEPLOY&amp;type=zip&amp;message=%7B%22type%22%3A%22deployment%22%2C%22sha%22%3A%221a38c2abe78fcc72a9bdce6d20f36de94186eddf%22%2C%22repoName%22%3A%22modosenin0%2Fsmart-expense-tracker%22%2C%22actor%22%3A%22modosenin0%22%2C%22slotName%22%3A%22production%22%2C%22commitMessage%22%3A%22Add%20comprehensive%20error%20handling%20and%20fallback%20configuration%20for%20Azure%20deployment%22%7D" X-Client-IP="20.236.100.2" X-Client-Port="5056" >
  <step title="OneDeploy" date="2025-09-26T11:44:11.415" >
    <step title="None repository commit" date="2025-09-26T11:44:11.525" >
      <step title="Commit id: 4d57cd6a-c5ad-4030-bbf5-53afd8518531" date="2025-09-26T11:44:11.552" Message="N/A" AuthorName="N/A" AuthorEmail="N/A" /><!-- duration: 3ms -->
    </step><!-- duration: 38ms -->
    <step title="Starting PushDeployAsync" date="2025-09-26T11:44:11.583" /><!-- duration: 8ms -->
    <step title="Removing node_modules symlink" date="2025-09-26T11:44:11.739" >
      <step title="Removing _del_node_modules symlink" date="2025-09-26T11:44:12.249" >
        <step title="Writing artifact to /tmp/zipdeploy/9492a0f8-d88d-4375-aa7e-53dbc797ee3a.zip" date="2025-09-26T11:44:12.342" >
          <step title="Writing multipart request body to /tmp/zipdeploy/9492a0f8-d88d-4375-aa7e-53dbc797ee3a.zip" date="2025-09-26T11:44:12.394" /><!-- duration: 9ms -->
        </step><!-- duration: 1816ms -->
        <step title="Removing previous build artifact&apos;s manifest file" date="2025-09-26T11:44:14.167" >
          <step title="None repository commit" date="2025-09-26T11:44:14.189" >
            <step title="Commit id: 4d57cd6a-c5ad-4030-bbf5-53afd8518531" date="2025-09-26T11:44:14.193" Message="N/A" AuthorName="N/A" AuthorEmail="N/A" /><!-- duration: 6ms -->
          </step><!-- duration: 37ms -->
          <step title="Start deployment in the background" date="2025-09-26T11:44:14.235" >
            <step title="None repository commit" date="2025-09-26T11:44:14.326" >
              <step title="Commit id: 4d57cd6a-c5ad-4030-bbf5-53afd8518531" date="2025-09-26T11:44:14.344" Message="N/A" AuthorName="N/A" AuthorEmail="N/A" /><!-- duration: 6ms -->
            </step><!-- duration: 28ms -->
            <step title="Acquiring Deployment Lock" date="2025-09-26T11:44:14.362" /><!-- duration: 3ms -->
            <step title="Acquired Deployment Lock" date="2025-09-26T11:44:14.443" /><!-- duration: 5ms -->
          </step><!-- duration: 533ms -->
        </step><!-- duration: 627ms -->
        <step title="Outgoing response" date="2025-09-26T11:44:14.813" type="response" statusCode="202" statusText="Accepted" /><!-- duration: 4ms -->
      </step><!-- duration: 2573ms -->
