<step title="Incoming Request" date="2025-09-26T11:10:40.712" instance="ba45b8" url="/api/deployments/latest?deployer=OneDeploy&amp;time=2025-09-26_11-09-32Z" method="GET" type="request" pid="822,1,27" Host="smart-expense-tracker-app.scm.azurewebsites.net" User-Agent="GITHUBACTIONS_DeployWebAppToAzure_5835cf6118cc5cc5f74e80598d4369c7edd831c8598f111ac95a3005d8e3812e" Authorization="Bas..." Content-Type="application/json; charset=utf-8" Cookie="ARRAffinity=ba45b830eaae19b6e165b2dfcb3947a4904073a482d7c81d6af1581103c5ad1b;Path=/;HttpOnly;Secure;Domain=smart-expense-tracker-app.scm.azurewebsites.net; ARRAffinitySameSite=ba45b830eaae19b6e165b2dfcb3947a4904073a482d7c81d6af1581103c5ad1b;Path=/;HttpOnly;SameSite=None;Secure;Domain=smart-expense-tracker-app.scm.azurewebsites.net" Content-Length="0" X-ARR-LOG-ID="6a86b8d9-68f1-46b9-8240-2322708847de" CLIENT-IP="68.154.54.41:47144" X-SITE-DEPLOYMENT-ID="smart-expense-tracker-app" WAS-DEFAULT-HOSTNAME="smart-expense-tracker-app.scm.azurewebsites.net" X-Forwarded-Proto="https" X-AppService-Proto="https" X-Forwarded-TlsVersion="1.3" X-WAWS-Unencoded-URL="/api/deployments/latest?deployer=OneDeploy&amp;time=2025-09-26_11-09-32Z" X-Client-IP="68.154.54.41" X-Client-Port="47144" >
  <step title="Cleanup Xml Logs" date="2025-09-26T11:10:40.737" >
    <step title="Cleanup Infos" date="2025-09-26T11:10:40.819" totalFiles="285" totalCleanup="125" /><!-- duration: 11ms -->
  </step><!-- duration: 109ms -->
  <step title="DeploymentService.GetResult" date="2025-09-26T11:10:40.873" >
    <step title="DeploymentService.GetLatestDeployment" date="2025-09-26T11:10:40.876" >
      <step title="DeploymentManager.GetResults" date="2025-09-26T11:10:40.885" /><!-- duration: 899ms -->
    </step><!-- duration: 930ms -->
  </step><!-- duration: 938ms -->
  <step title="Outgoing response" date="2025-09-26T11:10:41.815" type="response" statusCode="202" statusText="Accepted" /><!-- duration: 16ms -->
</step><!-- duration: 1128ms -->
