<step title="BackgroundTrace" date="2025-09-26T12:17:22.364" instance="ba45b8" url="/api/publish" method="POST" >
  <step title="Cleanup Xml Logs" date="2025-09-26T12:17:22.374" >
    <step title="Cleanup Infos" date="2025-09-26T12:17:22.472" totalFiles="473" totalCleanup="313" /><!-- duration: 16ms -->
  </step><!-- duration: 125ms -->
  <step title="Creating temporary deployment - FetchDeploymentManager" date="2025-09-26T12:17:22.879" /><!-- duration: 12ms -->
  <step title="Creating temporary deployment" date="2025-09-26T12:17:22.921" /><!-- duration: 204ms -->
  <step title="Performing fetch based deployment" date="2025-09-26T12:17:23.465" >
    <step title="Cleaning up temp folders from previous zip deployments and extracting pushed zip file /tmp/zipdeploy/bfceaee6-f9c5-4837-bf71-3191c3f12d41.zip (35.81 MB) to /tmp/zipdeploy/extracted" date="2025-09-26T12:17:25.098" >
      <step title="ChmodRecursive Process exited with total time taken in ms: 311" date="2025-09-26T12:18:14.047" /><!-- duration: 3ms -->
    </step><!-- duration: 48973ms -->
    <step title="Deployment timer started" date="2025-09-26T12:18:16.134" >
      <step title="DeploymentManager.Deploy(id:dd457e93-5267-4fb9-a5f6-d2f457774c8d)" date="2025-09-26T12:18:16.149" >
        <step title="Collecting changeset information" date="2025-09-26T12:18:16.194" /><!-- duration: 133ms -->
        <step title="Updating submodules" date="2025-09-26T12:18:16.333" /><!-- duration: 1186ms -->
        <step title="Determining deployment builder" date="2025-09-26T12:18:17.805" >
          <step title="Builder is OryxBuilder" date="2025-09-26T12:18:17.826" /><!-- duration: 10ms -->
        </step><!-- duration: 48ms -->
        <step title="PreDeployment: context.CleanOutputPath False" date="2025-09-26T12:18:17.936" >
          <step title="PreDeployment: context.OutputPath /home/site/wwwroot" date="2025-09-26T12:18:18.119" >
            <step title="Building" date="2025-09-26T12:18:18.372" >
              <step title="Executing external process" date="2025-09-26T12:18:19.092" type="process" path="bash" arguments="-c &quot;oryx build /tmp/zipdeploy/extracted -o /home/site/wwwroot --platform nodejs --platform-version 20 -p virtualenv_name= --log-file /tmp/build-debug.log  -i /tmp/8ddfcf6c67ce681 -p compress_node_modules=tar-gz | tee /tmp/oryx-build.log ; exit $PIPESTATUS &quot;" /><!-- duration: 108391ms -->
              <step title="Using GenericDeploymentLogParser" date="2025-09-26T12:20:08.402" /><!-- duration: 4ms -->
              <step title="Modified file to trigger a restart of the app container." date="2025-09-26T12:20:10.104" /><!-- duration: 4ms -->
              <step title="Skip function trigger and logicapp sync because function is not enabled." date="2025-09-26T12:20:10.190" /><!-- duration: 3ms -->
              <step title="Purge deployment items" date="2025-09-26T12:20:11.434" >
                <step title="Remove ecb18009-, Failed, received at 09/26/2025 11:58:16" date="2025-09-26T12:20:11.506" /><!-- duration: 4ms -->
              </step><!-- duration: 83ms -->
            </step><!-- duration: 113242ms -->
          </step><!-- duration: 113499ms -->
          <step title="Cleaning up temp files" date="2025-09-26T12:20:11.621" /><!-- duration: 3766ms -->
          <step title="Cleaning up temp files" date="2025-09-26T12:20:15.398" /><!-- duration: 631ms -->
          <step title="Reloading status file with latest updates" date="2025-09-26T12:20:16.066" >
            <step title="WebHooksManager.PublishEventAsync: PostDeployment" date="2025-09-26T12:20:16.075" /><!-- duration: 146ms -->
          </step><!-- duration: 158ms -->
          <step title="Cleaning up temporary deployment - fetch deployment was successful" date="2025-09-26T12:20:16.255" /><!-- duration: 4ms -->
        </step><!-- duration: 118384ms -->
      </step><!-- duration: 120205ms -->
