<step title="Incoming Request" date="2025-09-26T11:27:39.908" instance="ba45b8" url="/api/publish?async=true&amp;deployer=GITHUB_ONE_DEPLOY&amp;type=zip&amp;message=%7B%22type%22%3A%22deployment%22%2C%22sha%22%3A%22b2e6aa44094e4df6513dc5e046a378076229c8f9%22%2C%22repoName%22%3A%22modosenin0%2Fsmart-expense-tracker%22%2C%22actor%22%3A%22modosenin0%22%2C%22slotName%22%3A%22production%22%2C%22commitMessage%22%3A%22Add%20web.config%20and%20clean%20up%20deployment%20structure%22%7D" method="POST" type="request" pid="825,1,17" Host="smart-expense-tracker-app.scm.azurewebsites.net" User-Agent="GITHUBACTIONS_DeployWebAppToAzure_5835cf6118cc5cc5f74e80598d4369c7edd831c8598f111ac95a3005d8e3812e" Authorization="Bas..." Content-Type="application/octet-stream" Cookie="ARRAffinity=ba45b830eaae19b6e165b2dfcb3947a4904073a482d7c81d6af1581103c5ad1b;Path=/;HttpOnly;Secure;Domain=smart-expense-tracker-app.scm.azurewebsites.net; ARRAffinitySameSite=ba45b830eaae19b6e165b2dfcb3947a4904073a482d7c81d6af1581103c5ad1b;Path=/;HttpOnly;SameSite=None;Secure;Domain=smart-expense-tracker-app.scm.azurewebsites.net" Transfer-Encoding="chunked" X-ARR-LOG-ID="ed47fabb-5bfe-450c-8264-85c6da43a6db" CLIENT-IP="9.234.149.84:11296" X-SITE-DEPLOYMENT-ID="smart-expense-tracker-app" WAS-DEFAULT-HOSTNAME="smart-expense-tracker-app.scm.azurewebsites.net" X-Forwarded-Proto="https" X-AppService-Proto="https" X-Forwarded-TlsVersion="1.3" X-WAWS-Unencoded-URL="/api/publish?async=true&amp;deployer=GITHUB_ONE_DEPLOY&amp;type=zip&amp;message=%7B%22type%22%3A%22deployment%22%2C%22sha%22%3A%22b2e6aa44094e4df6513dc5e046a378076229c8f9%22%2C%22repoName%22%3A%22modosenin0%2Fsmart-expense-tracker%22%2C%22actor%22%3A%22modosenin0%22%2C%22slotName%22%3A%22production%22%2C%22commitMessage%22%3A%22Add%20web.config%20and%20clean%20up%20deployment%20structure%22%7D" X-Client-IP="9.234.149.84" X-Client-Port="11296" >
  <step title="OneDeploy" date="2025-09-26T11:27:40.031" >
    <step title="None repository commit" date="2025-09-26T11:27:40.049" >
      <step title="Commit id: 243a4e70-3ce0-4de1-8e8c-e23d1f172133" date="2025-09-26T11:27:40.055" Message="N/A" AuthorName="N/A" AuthorEmail="N/A" /><!-- duration: 3ms -->
    </step><!-- duration: 13ms -->
    <step title="Starting PushDeployAsync" date="2025-09-26T11:27:40.066" /><!-- duration: 3ms -->
    <step title="Removing node_modules symlink" date="2025-09-26T11:27:40.090" >
      <step title="Removing _del_node_modules symlink" date="2025-09-26T11:27:40.294" >
        <step title="Writing artifact to /tmp/zipdeploy/f7f9e252-70cc-43c3-bc87-54ba5bf124eb.zip" date="2025-09-26T11:27:40.413" >
          <step title="Writing multipart request body to /tmp/zipdeploy/f7f9e252-70cc-43c3-bc87-54ba5bf124eb.zip" date="2025-09-26T11:27:40.422" /><!-- duration: 9ms -->
        </step><!-- duration: 1377ms -->
        <step title="None repository commit" date="2025-09-26T11:27:41.832" >
          <step title="Commit id: 243a4e70-3ce0-4de1-8e8c-e23d1f172133" date="2025-09-26T11:27:41.835" Message="N/A" AuthorName="N/A" AuthorEmail="N/A" /><!-- duration: 4ms -->
        </step><!-- duration: 10ms -->
        <step title="Start deployment in the background" date="2025-09-26T11:27:41.847" >
          <step title="None repository commit" date="2025-09-26T11:27:41.889" >
            <step title="Commit id: 243a4e70-3ce0-4de1-8e8c-e23d1f172133" date="2025-09-26T11:27:41.892" Message="N/A" AuthorName="N/A" AuthorEmail="N/A" /><!-- duration: 3ms -->
          </step><!-- duration: 9ms -->
          <step title="Acquiring Deployment Lock" date="2025-09-26T11:27:41.902" /><!-- duration: 3ms -->
          <step title="Acquired Deployment Lock" date="2025-09-26T11:27:41.968" /><!-- duration: 3ms -->
        </step><!-- duration: 471ms -->
      </step><!-- duration: 2039ms -->
      <step title="Outgoing response" date="2025-09-26T11:27:42.344" type="response" statusCode="202" statusText="Accepted" /><!-- duration: 3ms -->
    </step><!-- duration: 2261ms -->
