<step title="Incoming Request" date="2025-09-26T12:18:04.589" instance="ba45b8" url="/api/deployments/latest?deployer=OneDeploy&amp;time=2025-09-26_12-17-23Z" method="GET" type="request" pid="823,1,30" Host="smart-expense-tracker-app.scm.azurewebsites.net" User-Agent="GITHUBACTIONS_DeployWebAppToAzure_5835cf6118cc5cc5f74e80598d4369c7edd831c8598f111ac95a3005d8e3812e" Authorization="Bas..." Content-Type="application/json; charset=utf-8" Cookie="ARRAffinity=ba45b830eaae19b6e165b2dfcb3947a4904073a482d7c81d6af1581103c5ad1b;Path=/;HttpOnly;Secure;Domain=smart-expense-tracker-app.scm.azurewebsites.net; ARRAffinitySameSite=ba45b830eaae19b6e165b2dfcb3947a4904073a482d7c81d6af1581103c5ad1b;Path=/;HttpOnly;SameSite=None;Secure;Domain=smart-expense-tracker-app.scm.azurewebsites.net" Content-Length="0" X-ARR-LOG-ID="2ef11e8a-dec8-4534-be07-d97b1a1bc5dd" CLIENT-IP="20.55.222.86:1072" X-SITE-DEPLOYMENT-ID="smart-expense-tracker-app" WAS-DEFAULT-HOSTNAME="smart-expense-tracker-app.scm.azurewebsites.net" X-Forwarded-Proto="https" X-AppService-Proto="https" X-Forwarded-TlsVersion="1.3" X-WAWS-Unencoded-URL="/api/deployments/latest?deployer=OneDeploy&amp;time=2025-09-26_12-17-23Z" X-Client-IP="20.55.222.86" X-Client-Port="1072" >
  <step title="Cleanup Xml Logs" date="2025-09-26T12:18:04.619" >
    <step title="Cleanup Infos" date="2025-09-26T12:18:04.873" totalFiles="480" totalCleanup="320" /><!-- duration: 73ms -->
  </step><!-- duration: 353ms -->
  <step title="DeploymentService.GetResult" date="2025-09-26T12:18:05.062" >
    <step title="DeploymentService.GetLatestDeployment" date="2025-09-26T12:18:05.082" >
      <step title="DeploymentManager.GetResults" date="2025-09-26T12:18:05.154" /><!-- duration: 1843ms -->
    </step><!-- duration: 1972ms -->
  </step><!-- duration: 2078ms -->
  <step title="Outgoing response" date="2025-09-26T12:18:07.206" type="response" statusCode="202" statusText="Accepted" /><!-- duration: 31ms -->
</step><!-- duration: 2718ms -->
