<step title="Incoming Request" date="2025-09-25T23:51:48.264" instance="ba45b8" url="/api/publish?async=true&amp;deployer=GITHUB_ONE_DEPLOY&amp;type=zip&amp;message=%7B%22type%22%3A%22deployment%22%2C%22sha%22%3A%222a42f2e62d54efc54af6b4b77232c221a279bfdc%22%2C%22repoName%22%3A%22modosenin0%2Fsmart-expense-tracker%22%2C%22actor%22%3A%22modosenin0%22%2C%22slotName%22%3A%22production%22%2C%22commitMessage%22%3A%22Implement%20Azure%20Key%20Vault%20security%20integration%5Cn%5Cn-%20Add%20Azure%20Key%20Vault%20integration%20with%20%40azure%2Fidentity%20and%20%40azure%2Fkeyvault-secrets%5Cn-%20Create%20KeyVault%20service%20with%20caching%20and%20health%20monitoring%5Cn-%20Implement%20ConfigManager%20for%20centralized%20secret%20management%5Cn-%20Add%20health%20check%20endpoints%20for%20monitoring%20Key%20Vault%20connectivity%5Cn-%20Create%20automated%20secret%20rotation%20workflow%20with%2090-day%20schedule%5Cn-%20Update%20application%20to%20load%20all%20secrets%20from%20Azure%20Key%20Vault%5Cn-%20Remove%20hardcoded%20credentials%20from%20App%20Service%20configuration%5Cn-%20Configure%20managed%20identity%20for%20secure%20Key%20Vault%20access%22%7D" method="POST" type="request" pid="831,1,18" Host="smart-expense-tracker-app.scm.azurewebsites.net" User-Agent="GITHUBACTIONS_DeployWebAppToAzure_5835cf6118cc5cc5f74e80598d4369c7edd831c8598f111ac95a3005d8e3812e" Authorization="Bas..." Content-Type="application/octet-stream" Cookie="ARRAffinity=ba45b830eaae19b6e165b2dfcb3947a4904073a482d7c81d6af1581103c5ad1b;Path=/;HttpOnly;Secure;Domain=smart-expense-tracker-app.scm.azurewebsites.net; ARRAffinitySameSite=ba45b830eaae19b6e165b2dfcb3947a4904073a482d7c81d6af1581103c5ad1b;Path=/;HttpOnly;SameSite=None;Secure;Domain=smart-expense-tracker-app.scm.azurewebsites.net" Transfer-Encoding="chunked" X-ARR-LOG-ID="1178c926-f447-4bd7-9b21-156112f7c031" CLIENT-IP="20.161.67.218:65472" X-SITE-DEPLOYMENT-ID="smart-expense-tracker-app" WAS-DEFAULT-HOSTNAME="smart-expense-tracker-app.scm.azurewebsites.net" X-Forwarded-Proto="https" X-AppService-Proto="https" X-Forwarded-TlsVersion="1.3" X-WAWS-Unencoded-URL="/api/publish?async=true&amp;deployer=GITHUB_ONE_DEPLOY&amp;type=zip&amp;message=%7B%22type%22%3A%22deployment%22%2C%22sha%22%3A%222a42f2e62d54efc54af6b4b77232c221a279bfdc%22%2C%22repoName%22%3A%22modosenin0%2Fsmart-expense-tracker%22%2C%22actor%22%3A%22modosenin0%22%2C%22slotName%22%3A%22production%22%2C%22commitMessage%22%3A%22Implement%20Azure%20Key%20Vault%20security%20integration%5Cn%5Cn-%20Add%20Azure%20Key%20Vault%20integration%20with%20%40azure%2Fidentity%20and%20%40azure%2Fkeyvault-secrets%5Cn-%20Create%20KeyVault%20service%20with%20caching%20and%20health%20monitoring%5Cn-%20Implement%20ConfigManager%20for%20centralized%20secret%20management%5Cn-%20Add%20health%20check%20endpoints%20for%20monitoring%20Key%20Vault%20connectivity%5Cn-%20Create%20automated%20secret%20rotation%20workflow%20with%2090-day%20schedule%5Cn-%20Update%20application%20to%20load%20all%20secrets%20from%20Azure%20Key%20Vault%5Cn-%20Remove%20hardcoded%20credentials%20from%20App%20Service%20configuration%5Cn-%20Configure%20managed%20identity%20for%20secure%20Key%20Vault%20access%22%7D" X-Client-IP="20.161.67.218" X-Client-Port="65472" >
  <step title="OneDeploy" date="2025-09-25T23:51:49.961" >
    <step title="None repository commit" date="2025-09-25T23:51:50.338" >
      <step title="Commit id: c4838fff-8fa2-43dd-b2f3-17794a1e6381" date="2025-09-25T23:51:50.386" Message="N/A" AuthorName="N/A" AuthorEmail="N/A" /><!-- duration: 54ms -->
    </step><!-- duration: 201ms -->
    <step title="Starting PushDeployAsync" date="2025-09-25T23:51:50.680" /><!-- duration: 41ms -->
    <step title="Removing node_modules symlink" date="2025-09-25T23:51:51.049" >
      <step title="Removing _del_node_modules symlink" date="2025-09-25T23:51:51.985" >
        <step title="Writing artifact to /tmp/zipdeploy/d5dc92bd-064d-43a3-8504-509852aebe40.zip" date="2025-09-25T23:51:52.269" >
          <step title="Writing multipart request body to /tmp/zipdeploy/d5dc92bd-064d-43a3-8504-509852aebe40.zip" date="2025-09-25T23:51:52.315" /><!-- duration: 72ms -->
        </step><!-- duration: 15932ms -->
        <step title="Start deployment in the background" date="2025-09-25T23:52:08.718" >
          <step title="Acquiring Deployment Lock" date="2025-09-25T23:52:10.465" /><!-- duration: 321ms -->
          <step title="Acquired Deployment Lock" date="2025-09-25T23:52:11.993" /><!-- duration: 179ms -->
        </step><!-- duration: 5884ms -->
      </step><!-- duration: 23979ms -->
      <step title="Outgoing response" date="2025-09-25T23:52:16.427" type="response" statusCode="202" statusText="Accepted" /><!-- duration: 30ms -->
    </step><!-- duration: 25537ms -->
