<step title="Incoming Request" date="2025-09-25T21:03:52.274" instance="ba45b8" url="/api/publish?async=true&amp;deployer=GITHUB_ONE_DEPLOY&amp;type=zip&amp;message=%7B%22type%22%3A%22deployment%22%2C%22sha%22%3A%2274fab16985b777794a762fe9c57064ba1b211510%22%2C%22repoName%22%3A%22modosenin0%2Fsmart-expense-tracker%22%2C%22actor%22%3A%22modosenin0%22%2C%22slotName%22%3A%22production%22%2C%22commitMessage%22%3A%22Fix%20registration%3A%20add%20name%20field%20to%20match%20backend%20requirements%22%7D" method="POST" type="request" pid="823,1,28" Host="smart-expense-tracker-app.scm.azurewebsites.net" User-Agent="GITHUBACTIONS_DeployWebAppToAzure_5835cf6118cc5cc5f74e80598d4369c7edd831c8598f111ac95a3005d8e3812e" Authorization="Bas..." Content-Type="application/octet-stream" Cookie="ARRAffinity=ba45b830eaae19b6e165b2dfcb3947a4904073a482d7c81d6af1581103c5ad1b;Path=/;HttpOnly;Secure;Domain=smart-expense-tracker-app.scm.azurewebsites.net; ARRAffinitySameSite=ba45b830eaae19b6e165b2dfcb3947a4904073a482d7c81d6af1581103c5ad1b;Path=/;HttpOnly;SameSite=None;Secure;Domain=smart-expense-tracker-app.scm.azurewebsites.net" Transfer-Encoding="chunked" X-ARR-LOG-ID="fa1eb808-c336-4e99-9cc0-6c1406e042bb" CLIENT-IP="52.154.20.54:31792" X-SITE-DEPLOYMENT-ID="smart-expense-tracker-app" WAS-DEFAULT-HOSTNAME="smart-expense-tracker-app.scm.azurewebsites.net" X-Forwarded-Proto="https" X-AppService-Proto="https" X-Forwarded-TlsVersion="1.3" X-WAWS-Unencoded-URL="/api/publish?async=true&amp;deployer=GITHUB_ONE_DEPLOY&amp;type=zip&amp;message=%7B%22type%22%3A%22deployment%22%2C%22sha%22%3A%2274fab16985b777794a762fe9c57064ba1b211510%22%2C%22repoName%22%3A%22modosenin0%2Fsmart-expense-tracker%22%2C%22actor%22%3A%22modosenin0%22%2C%22slotName%22%3A%22production%22%2C%22commitMessage%22%3A%22Fix%20registration%3A%20add%20name%20field%20to%20match%20backend%20requirements%22%7D" X-Client-IP="52.154.20.54" X-Client-Port="31792" >
  <step title="OneDeploy" date="2025-09-25T21:03:52.398" >
    <step title="None repository commit" date="2025-09-25T21:03:52.424" >
      <step title="Commit id: c839adc1-6c2c-4c0c-9024-0600fdfb747d" date="2025-09-25T21:03:52.428" Message="N/A" AuthorName="N/A" AuthorEmail="N/A" /><!-- duration: 3ms -->
    </step><!-- duration: 11ms -->
    <step title="Starting PushDeployAsync" date="2025-09-25T21:03:52.466" /><!-- duration: 9ms -->
    <step title="Removing node_modules symlink" date="2025-09-25T21:03:52.565" >
      <step title="Removing _del_node_modules symlink" date="2025-09-25T21:03:52.998" >
        <step title="Writing artifact to /tmp/zipdeploy/a7e2b793-bb9d-4fd7-9433-874cf49ca999.zip" date="2025-09-25T21:03:53.067" >
          <step title="Writing multipart request body to /tmp/zipdeploy/a7e2b793-bb9d-4fd7-9433-874cf49ca999.zip" date="2025-09-25T21:03:53.103" /><!-- duration: 27ms -->
        </step><!-- duration: 967ms -->
        <step title="Start deployment in the background" date="2025-09-25T21:03:54.074" >
          <step title="Acquiring Deployment Lock" date="2025-09-25T21:03:54.110" /><!-- duration: 11ms -->
          <step title="Acquired Deployment Lock" date="2025-09-25T21:03:54.257" /><!-- duration: 4ms -->
        </step><!-- duration: 389ms -->
      </step><!-- duration: 1484ms -->
      <step title="Outgoing response" date="2025-09-25T21:03:54.498" type="response" statusCode="202" statusText="Accepted" /><!-- duration: 11ms -->
    </step><!-- duration: 1960ms -->
