<step title="Incoming Request" date="2025-09-25T19:21:34.900" instance="ba45b8" url="/deploy?scmType=ExternalGit&amp;isAsync=true" method="POST" type="request" pid="829,1,19" Host="smart-expense-tracker-app.scm.azurewebsites.net" User-Agent="Azure-WebSites-Controller/105.0.7.92" Authorization="Bas..." Expect="100-continue" Content-Length="91" x-ms-request-id="3c7f0b5a-e3ab-433f-9fbf-8380c6f9cd24" X-ARR-LOG-ID="3c7f0b5a-e3ab-433f-9fbf-8380c6f9cd24" CLIENT-IP="20.105.216.41:2816" X-SITE-DEPLOYMENT-ID="smart-expense-tracker-app" WAS-DEFAULT-HOSTNAME="smart-expense-tracker-app.scm.azurewebsites.net" X-MS-PLATFORM-INTERNAL="True" X-Forwarded-Proto="https" X-AppService-Proto="https" X-Forwarded-TlsVersion="1.3" X-WAWS-Unencoded-URL="/deploy?scmType=ExternalGit&amp;isAsync=true" X-Client-IP="20.105.216.41" X-Client-Port="2816" >
  <step title="Cleanup Xml Logs" date="2025-09-25T19:21:34.902" /><!-- duration: 5ms -->
  <step title="FetchHandler" date="2025-09-25T19:21:34.924" >
    <step title="Executing external process" date="2025-09-25T19:21:34.946" type="process" path="git" arguments="rev-parse --git-dir" /><!-- duration: 26ms -->
    <step title="Executing external process" date="2025-09-25T19:21:34.976" type="process" path="git" arguments="rev-parse --git-dir" /><!-- duration: 17ms -->
    <step title="Executing external process" date="2025-09-25T19:21:34.995" type="process" path="git" arguments="log -n 1 main --" /><!-- duration: 97ms -->
    <step title="Start deployment in the background" date="2025-09-25T19:21:35.097" >
      <step title="Executing external process" date="2025-09-25T19:21:35.124" type="process" path="git" arguments="rev-parse --git-dir" /><!-- duration: 30ms -->
      <step title="Executing external process" date="2025-09-25T19:21:35.160" type="process" path="git" arguments="rev-parse --git-dir" /><!-- duration: 18ms -->
      <step title="Executing external process" date="2025-09-25T19:21:35.182" type="process" path="git" arguments="log -n 1 main --" /><!-- duration: 21ms -->
      <step title="Acquiring Deployment Lock" date="2025-09-25T19:21:35.209" /><!-- duration: 3ms -->
      <step title="Acquired Deployment Lock" date="2025-09-25T19:21:35.241" /><!-- duration: 3ms -->
    </step><!-- duration: 243ms -->
  </step><!-- duration: 419ms -->
  <step title="Outgoing response" date="2025-09-25T19:21:35.347" type="response" statusCode="202" statusText="Accepted" /><!-- duration: 3ms -->
</step><!-- duration: 453ms -->
