<step title="Incoming Request" date="2025-09-26T11:15:18.215" instance="ba45b8" url="/api/deployments/latest?deployer=GitHub&amp;time=2025-09-26_11-15-17Z" method="GET" type="request" pid="822,1,17" Host="smart-expense-tracker-app.scm.azurewebsites.net" User-Agent="Azure-WebSites-Controller/105.0.7.92" Authorization="Bas..." x-ms-request-id="6b6b25d8-b99f-4a3f-9225-4e234b8171fe" X-ARR-LOG-ID="6b6b25d8-b99f-4a3f-9225-4e234b8171fe" CLIENT-IP="20.105.216.41:1548" X-SITE-DEPLOYMENT-ID="smart-expense-tracker-app" WAS-DEFAULT-HOSTNAME="smart-expense-tracker-app.scm.azurewebsites.net" X-MS-PLATFORM-INTERNAL="True" X-Forwarded-Proto="https" X-AppService-Proto="https" X-Forwarded-TlsVersion="1.3" X-WAWS-Unencoded-URL="/api/deployments/latest?deployer=GitHub&amp;time=2025-09-26_11-15-17Z" X-Client-IP="20.105.216.41" X-Client-Port="1548" >
  <step title="Cleanup Xml Logs" date="2025-09-26T11:15:18.268" >
    <step title="Cleanup Infos" date="2025-09-26T11:15:18.595" totalFiles="320" totalCleanup="160" /><!-- duration: 91ms -->
  </step><!-- duration: 455ms -->
  <step title="DeploymentService.GetResult" date="2025-09-26T11:15:19.080" >
    <step title="DeploymentService.GetLatestDeployment" date="2025-09-26T11:15:19.358" >
      <step title="DeploymentManager.GetResults" date="2025-09-26T11:15:19.445" /><!-- duration: 4909ms -->
    </step><!-- duration: 5072ms -->
  </step><!-- duration: 5400ms -->
  <step title="Outgoing response" date="2025-09-26T11:15:24.772" type="response" statusCode="202" statusText="Accepted" /><!-- duration: 18ms -->
</step><!-- duration: 6585ms -->
