<step title="Incoming Request" date="2025-09-26T11:21:40.770" instance="ba45b8" url="/api/deployments/latest?deployer=GitHub&amp;time=2025-09-26_11-15-17Z" method="GET" type="request" pid="823,1,19" Host="smart-expense-tracker-app.scm.azurewebsites.net" User-Agent="Azure-WebSites-Controller/105.0.7.92" Authorization="Bas..." x-ms-request-id="6b6b25d8-b99f-4a3f-9225-4e234b8171fe" X-ARR-LOG-ID="6b6b25d8-b99f-4a3f-9225-4e234b8171fe" CLIENT-IP="20.105.216.41:1544" X-SITE-DEPLOYMENT-ID="smart-expense-tracker-app" WAS-DEFAULT-HOSTNAME="smart-expense-tracker-app.scm.azurewebsites.net" X-MS-PLATFORM-INTERNAL="True" X-Forwarded-Proto="https" X-AppService-Proto="https" X-Forwarded-TlsVersion="1.3" X-WAWS-Unencoded-URL="/api/deployments/latest?deployer=GitHub&amp;time=2025-09-26_11-15-17Z" X-Client-IP="20.105.216.41" X-Client-Port="1544" >
  <step title="Cleanup Xml Logs" date="2025-09-26T11:21:40.807" >
    <step title="Cleanup Infos" date="2025-09-26T11:21:40.830" totalFiles="365" totalCleanup="205" /><!-- duration: 6ms -->
  </step><!-- duration: 30ms -->
  <step title="DeploymentService.GetResult" date="2025-09-26T11:21:40.847" >
    <step title="DeploymentService.GetLatestDeployment" date="2025-09-26T11:21:40.859" >
      <step title="DeploymentManager.GetResults" date="2025-09-26T11:21:40.863" /><!-- duration: 473ms -->
    </step><!-- duration: 480ms -->
  </step><!-- duration: 496ms -->
  <step title="Outgoing response" date="2025-09-26T11:21:41.349" type="response" statusCode="202" statusText="Accepted" /><!-- duration: 3ms -->
</step><!-- duration: 586ms -->
