<step title="Incoming Request" date="2025-09-26T00:11:02.730" instance="ba45b8" url="/api/publish?async=true&amp;deployer=GITHUB_ONE_DEPLOY&amp;type=zip&amp;message=%7B%22type%22%3A%22deployment%22%2C%22sha%22%3A%2264ffc1e674349d15988f61fcdee52132a279a4d0%22%2C%22repoName%22%3A%22modosenin0%2Fsmart-expense-tracker%22%2C%22actor%22%3A%22modosenin0%22%2C%22slotName%22%3A%22production%22%2C%22commitMessage%22%3A%22Clean%20up%20unnecessary%20files%20and%20artifacts%5Cn%5Cn-%20Remove%20old%20deployment%20artifacts%3A%20app-logs.zip%2C%20publish-profile.xml%2C%20Procfile%5Cn-%20Remove%20redundant%20root%20package.json%20and%20node_modules%20directory%5Cn-%20Clean%20up%20backend%20environment%20files%20(.env%2C%20.env.local%2C%20.env.test)%5Cn-%20Remove%20duplicate%20setup%20scripts%20and%20temporary%20files%5Cn-%20Streamline%20project%20structure%20for%20Azure%20Key%20Vault%20deployment%22%7D" method="POST" type="request" pid="823,1,15" Host="smart-expense-tracker-app.scm.azurewebsites.net" User-Agent="GITHUBACTIONS_DeployWebAppToAzure_5835cf6118cc5cc5f74e80598d4369c7edd831c8598f111ac95a3005d8e3812e" Authorization="Bas..." Content-Type="application/octet-stream" Cookie="ARRAffinity=ba45b830eaae19b6e165b2dfcb3947a4904073a482d7c81d6af1581103c5ad1b;Path=/;HttpOnly;Secure;Domain=smart-expense-tracker-app.scm.azurewebsites.net; ARRAffinitySameSite=ba45b830eaae19b6e165b2dfcb3947a4904073a482d7c81d6af1581103c5ad1b;Path=/;HttpOnly;SameSite=None;Secure;Domain=smart-expense-tracker-app.scm.azurewebsites.net" Transfer-Encoding="chunked" X-ARR-LOG-ID="52587100-5a1d-4a21-bb36-36e8fce763fd" CLIENT-IP="172.184.211.35:37888" X-SITE-DEPLOYMENT-ID="smart-expense-tracker-app" WAS-DEFAULT-HOSTNAME="smart-expense-tracker-app.scm.azurewebsites.net" X-Forwarded-Proto="https" X-AppService-Proto="https" X-Forwarded-TlsVersion="1.3" X-WAWS-Unencoded-URL="/api/publish?async=true&amp;deployer=GITHUB_ONE_DEPLOY&amp;type=zip&amp;message=%7B%22type%22%3A%22deployment%22%2C%22sha%22%3A%2264ffc1e674349d15988f61fcdee52132a279a4d0%22%2C%22repoName%22%3A%22modosenin0%2Fsmart-expense-tracker%22%2C%22actor%22%3A%22modosenin0%22%2C%22slotName%22%3A%22production%22%2C%22commitMessage%22%3A%22Clean%20up%20unnecessary%20files%20and%20artifacts%5Cn%5Cn-%20Remove%20old%20deployment%20artifacts%3A%20app-logs.zip%2C%20publish-profile.xml%2C%20Procfile%5Cn-%20Remove%20redundant%20root%20package.json%20and%20node_modules%20directory%5Cn-%20Clean%20up%20backend%20environment%20files%20(.env%2C%20.env.local%2C%20.env.test)%5Cn-%20Remove%20duplicate%20setup%20scripts%20and%20temporary%20files%5Cn-%20Streamline%20project%20structure%20for%20Azure%20Key%20Vault%20deployment%22%7D" X-Client-IP="172.184.211.35" X-Client-Port="37888" >
  <step title="Cleanup Xml Logs" date="2025-09-26T00:11:02.748" /><!-- duration: 32ms -->
  <step title="OneDeploy" date="2025-09-26T00:11:03.021" >
    <step title="None repository commit" date="2025-09-26T00:11:03.057" >
      <step title="Commit id: c1b31115-5011-4f85-b98e-8b00e700d2bf" date="2025-09-26T00:11:03.084" Message="N/A" AuthorName="N/A" AuthorEmail="N/A" /><!-- duration: 10ms -->
    </step><!-- duration: 65ms -->
    <step title="Starting PushDeployAsync" date="2025-09-26T00:11:03.148" /><!-- duration: 10ms -->
    <step title="Removing node_modules symlink" date="2025-09-26T00:11:03.230" >
      <step title="Removing _del_node_modules symlink" date="2025-09-26T00:11:03.525" >
        <step title="Writing artifact to /tmp/zipdeploy/5946e2be-c86f-405b-93fd-2169faef33b3.zip" date="2025-09-26T00:11:03.658" >
          <step title="Writing multipart request body to /tmp/zipdeploy/5946e2be-c86f-405b-93fd-2169faef33b3.zip" date="2025-09-26T00:11:03.678" /><!-- duration: 28ms -->
        </step><!-- duration: 1899ms -->
        <step title="Start deployment in the background" date="2025-09-26T00:11:05.705" >
          <step title="Acquiring Deployment Lock" date="2025-09-26T00:11:05.801" /><!-- duration: 17ms -->
          <step title="Acquired Deployment Lock" date="2025-09-26T00:11:05.864" /><!-- duration: 4ms -->
        </step><!-- duration: 252ms -->
      </step><!-- duration: 2446ms -->
      <step title="Outgoing response" date="2025-09-26T00:11:05.983" type="response" statusCode="202" statusText="Accepted" /><!-- duration: 4ms -->
    </step><!-- duration: 2763ms -->
