<step title="Incoming Request" date="2025-09-26T10:28:20.802" instance="ba45b8" url="/api/publish?async=true&amp;deployer=GITHUB_ONE_DEPLOY&amp;type=zip&amp;message=%7B%22type%22%3A%22deployment%22%2C%22sha%22%3A%224ee948bbf594baa90ae019882e9aa8f36cfbe57d%22%2C%22repoName%22%3A%22modosenin0%2Fsmart-expense-tracker%22%2C%22actor%22%3A%22modosenin0%22%2C%22slotName%22%3A%22production%22%2C%22commitMessage%22%3A%22Fix%20ES6%20module%20import%2Fexport%20syntax%5Cn%5Cn-%20Convert%20keyVault.js%20and%20configManager.js%20to%20ES6%20module%20syntax%5Cn-%20Update%20imports%20to%20use%20ES6%20import%20statements%20with%20.js%20extensions%5Cn-%20Fix%20deployment%20startup%20to%20use%20proper%20working%20directory%5Cn-%20Ensure%20consistent%20module%20system%20across%20the%20backend%20application%22%7D" method="POST" type="request" pid="823,1,18" Host="smart-expense-tracker-app.scm.azurewebsites.net" User-Agent="GITHUBACTIONS_DeployWebAppToAzure_5835cf6118cc5cc5f74e80598d4369c7edd831c8598f111ac95a3005d8e3812e" Authorization="Bas..." Content-Type="application/octet-stream" Cookie="ARRAffinity=ba45b830eaae19b6e165b2dfcb3947a4904073a482d7c81d6af1581103c5ad1b;Path=/;HttpOnly;Secure;Domain=smart-expense-tracker-app.scm.azurewebsites.net; ARRAffinitySameSite=ba45b830eaae19b6e165b2dfcb3947a4904073a482d7c81d6af1581103c5ad1b;Path=/;HttpOnly;SameSite=None;Secure;Domain=smart-expense-tracker-app.scm.azurewebsites.net" Transfer-Encoding="chunked" X-ARR-LOG-ID="540775d5-2164-45e8-8580-db47cb9e601a" CLIENT-IP="52.160.166.66:15360" X-SITE-DEPLOYMENT-ID="smart-expense-tracker-app" WAS-DEFAULT-HOSTNAME="smart-expense-tracker-app.scm.azurewebsites.net" X-Forwarded-Proto="https" X-AppService-Proto="https" X-Forwarded-TlsVersion="1.3" X-WAWS-Unencoded-URL="/api/publish?async=true&amp;deployer=GITHUB_ONE_DEPLOY&amp;type=zip&amp;message=%7B%22type%22%3A%22deployment%22%2C%22sha%22%3A%224ee948bbf594baa90ae019882e9aa8f36cfbe57d%22%2C%22repoName%22%3A%22modosenin0%2Fsmart-expense-tracker%22%2C%22actor%22%3A%22modosenin0%22%2C%22slotName%22%3A%22production%22%2C%22commitMessage%22%3A%22Fix%20ES6%20module%20import%2Fexport%20syntax%5Cn%5Cn-%20Convert%20keyVault.js%20and%20configManager.js%20to%20ES6%20module%20syntax%5Cn-%20Update%20imports%20to%20use%20ES6%20import%20statements%20with%20.js%20extensions%5Cn-%20Fix%20deployment%20startup%20to%20use%20proper%20working%20directory%5Cn-%20Ensure%20consistent%20module%20system%20across%20the%20backend%20application%22%7D" X-Client-IP="52.160.166.66" X-Client-Port="15360" >
  <step title="OneDeploy" date="2025-09-26T10:28:20.913" >
    <step title="None repository commit" date="2025-09-26T10:28:20.949" >
      <step title="Commit id: d3a84a06-ba24-4a09-aff4-ba2947535203" date="2025-09-26T10:28:20.954" Message="N/A" AuthorName="N/A" AuthorEmail="N/A" /><!-- duration: 3ms -->
    </step><!-- duration: 12ms -->
    <step title="Starting PushDeployAsync" date="2025-09-26T10:28:20.965" /><!-- duration: 3ms -->
    <step title="Removing node_modules symlink" date="2025-09-26T10:28:21.048" >
      <step title="Removing _del_node_modules symlink" date="2025-09-26T10:28:21.210" >
        <step title="Writing artifact to /tmp/zipdeploy/c0cf471d-87e4-45cf-a8ae-fd942ece7809.zip" date="2025-09-26T10:28:21.271" >
          <step title="Writing multipart request body to /tmp/zipdeploy/c0cf471d-87e4-45cf-a8ae-fd942ece7809.zip" date="2025-09-26T10:28:21.288" /><!-- duration: 37ms -->
        </step><!-- duration: 2087ms -->
        <step title="Start deployment in the background" date="2025-09-26T10:28:23.376" >
          <step title="Acquiring Deployment Lock" date="2025-09-26T10:28:23.446" /><!-- duration: 4ms -->
          <step title="Acquired Deployment Lock" date="2025-09-26T10:28:23.511" /><!-- duration: 4ms -->
        </step><!-- duration: 558ms -->
      </step><!-- duration: 2740ms -->
      <step title="Outgoing response" date="2025-09-26T10:28:23.965" type="response" statusCode="202" statusText="Accepted" /><!-- duration: 7ms -->
    </step><!-- duration: 2927ms -->
