<step title="Incoming Request" date="2025-09-26T12:17:31.670" instance="ba45b8" url="/api/deployments/latest?deployer=OneDeploy&amp;time=2025-09-26_12-17-23Z" method="GET" type="request" pid="823,1,23" Host="smart-expense-tracker-app.scm.azurewebsites.net" User-Agent="GITHUBACTIONS_DeployWebAppToAzure_5835cf6118cc5cc5f74e80598d4369c7edd831c8598f111ac95a3005d8e3812e" Authorization="Bas..." Content-Type="application/json; charset=utf-8" Cookie="ARRAffinity=ba45b830eaae19b6e165b2dfcb3947a4904073a482d7c81d6af1581103c5ad1b;Path=/;HttpOnly;Secure;Domain=smart-expense-tracker-app.scm.azurewebsites.net; ARRAffinitySameSite=ba45b830eaae19b6e165b2dfcb3947a4904073a482d7c81d6af1581103c5ad1b;Path=/;HttpOnly;SameSite=None;Secure;Domain=smart-expense-tracker-app.scm.azurewebsites.net" Content-Length="0" X-ARR-LOG-ID="52046fae-3c08-44b4-a8b5-f2f026f19c20" CLIENT-IP="20.55.222.86:1073" X-SITE-DEPLOYMENT-ID="smart-expense-tracker-app" WAS-DEFAULT-HOSTNAME="smart-expense-tracker-app.scm.azurewebsites.net" X-Forwarded-Proto="https" X-AppService-Proto="https" X-Forwarded-TlsVersion="1.3" X-WAWS-Unencoded-URL="/api/deployments/latest?deployer=OneDeploy&amp;time=2025-09-26_12-17-23Z" X-Client-IP="20.55.222.86" X-Client-Port="1073" >
  <step title="Cleanup Xml Logs" date="2025-09-26T12:17:31.690" >
    <step title="Cleanup Infos" date="2025-09-26T12:17:31.943" totalFiles="475" totalCleanup="315" /><!-- duration: 55ms -->
  </step><!-- duration: 342ms -->
  <step title="DeploymentService.GetResult" date="2025-09-26T12:17:32.068" >
    <step title="DeploymentService.GetLatestDeployment" date="2025-09-26T12:17:32.088" >
      <step title="DeploymentManager.GetResults" date="2025-09-26T12:17:32.107" /><!-- duration: 867ms -->
    </step><!-- duration: 950ms -->
  </step><!-- duration: 1004ms -->
  <step title="Outgoing response" date="2025-09-26T12:17:33.117" type="response" statusCode="202" statusText="Accepted" /><!-- duration: 17ms -->
</step><!-- duration: 1481ms -->
