<step title="Incoming Request" date="2025-09-26T11:15:00.591" instance="ba45b8" url="/deploy?scmType=ExternalGit&amp;isAsync=true" method="POST" type="request" pid="822,1,32" Host="smart-expense-tracker-app.scm.azurewebsites.net" User-Agent="Azure-WebSites-Controller/105.0.7.92" Authorization="Bas..." Expect="100-continue" Content-Length="95" x-ms-request-id="6b6b25d8-b99f-4a3f-9225-4e234b8171fe" X-ARR-LOG-ID="6b6b25d8-b99f-4a3f-9225-4e234b8171fe" CLIENT-IP="20.105.216.41:1548" X-SITE-DEPLOYMENT-ID="smart-expense-tracker-app" WAS-DEFAULT-HOSTNAME="smart-expense-tracker-app.scm.azurewebsites.net" X-MS-PLATFORM-INTERNAL="True" X-Forwarded-Proto="https" X-AppService-Proto="https" X-Forwarded-TlsVersion="1.3" X-WAWS-Unencoded-URL="/deploy?scmType=ExternalGit&amp;isAsync=true" X-Client-IP="20.105.216.41" X-Client-Port="1548" >
  <step title="FetchHandler" date="2025-09-26T11:15:00.801" >
    <step title="GitExeRepository.Initialize" date="2025-09-26T11:15:02.885" >
      <step title="Executing external process" date="2025-09-26T11:15:02.963" type="process" path="git" arguments="init" /><!-- duration: 2007ms -->
      <step title="Executing external process" date="2025-09-26T11:15:05.081" type="process" path="git" arguments="config core.autocrlf false" /><!-- duration: 267ms -->
      <step title="Executing external process" date="2025-09-26T11:15:05.368" type="process" path="git" arguments="config core.preloadindex true" /><!-- duration: 297ms -->
      <step title="Executing external process" date="2025-09-26T11:15:05.776" type="process" path="git" arguments="config user.name &quot;unknown&quot;" /><!-- duration: 165ms -->
      <step title="Executing external process" date="2025-09-26T11:15:05.993" type="process" path="git" arguments="config user.email &quot;unknown&quot;" /><!-- duration: 200ms -->
      <step title="Executing external process" date="2025-09-26T11:15:06.227" type="process" path="git" arguments="config filter.lfs.clean &quot;git-lfs clean %f&quot;" /><!-- duration: 194ms -->
      <step title="Executing external process" date="2025-09-26T11:15:06.431" type="process" path="git" arguments="config filter.lfs.smudge &quot;git-lfs smudge %f&quot;" /><!-- duration: 172ms -->
      <step title="Executing external process" date="2025-09-26T11:15:06.630" type="process" path="git" arguments="config filter.lfs.required true" /><!-- duration: 228ms -->
      <step title="Configure git server" date="2025-09-26T11:15:06.913" >
        <step title="Executing external process" date="2025-09-26T11:15:06.935" type="process" path="git" arguments="config receive.denyCurrentBranch ignore" /><!-- duration: 227ms -->
      </step><!-- duration: 284ms -->
      <step title="Create deny users for .git folder" date="2025-09-26T11:15:07.209" /><!-- duration: 93ms -->
      <step title="Configure git-credential" date="2025-09-26T11:15:07.312" >
        <step title="Executing external process" date="2025-09-26T11:15:07.366" type="process" path="git" arguments="config credential.helper &quot;!&apos;/home/site/repository/.git/hooks/git-credential-invalid.sh&apos;&quot;" /><!-- duration: 190ms -->
      </step><!-- duration: 272ms -->
      <step title="Setup post receive hook" date="2025-09-26T11:15:07.678" >
        <step title="Non-Windows enviroment, granting 755 permission to post-receive hook file" date="2025-09-26T11:15:08.095" /><!-- duration: 415ms -->
      </step><!-- duration: 868ms -->
    </step><!-- duration: 5677ms -->
    <step title="Executing external process" date="2025-09-26T11:15:08.598" type="process" path="git" arguments="log -n 1 main --" >
      <step title="Process dump" date="2025-09-26T11:15:08.951" exitCode="128" type="processOutput" /><!-- duration: 50ms -->
    </step><!-- duration: 441ms -->
    <step title="Start deployment in the background" date="2025-09-26T11:15:09.128" >
      <step title="Executing external process" date="2025-09-26T11:15:10.222" type="process" path="git" arguments="rev-parse --git-dir" /><!-- duration: 647ms -->
      <step title="Executing external process" date="2025-09-26T11:15:11.064" type="process" path="git" arguments="rev-parse --git-dir" /><!-- duration: 955ms -->
      <step title="Executing external process" date="2025-09-26T11:15:12.305" type="process" path="git" arguments="log -n 1 main --" >
        <step title="Process dump" date="2025-09-26T11:15:13.213" exitCode="128" type="processOutput" /><!-- duration: 323ms -->
      </step><!-- duration: 1294ms -->
      <step title="Acquiring Deployment Lock" date="2025-09-26T11:15:13.806" /><!-- duration: 76ms -->
      <step title="Acquired Deployment Lock" date="2025-09-26T11:15:14.520" /><!-- duration: 313ms -->
    </step><!-- duration: 8251ms -->
  </step><!-- duration: 16777ms -->
  <step title="Outgoing response" date="2025-09-26T11:15:17.690" type="response" statusCode="202" statusText="Accepted" /><!-- duration: 59ms -->
</step><!-- duration: 17178ms -->
