<step title="Incoming Request" date="2025-09-26T10:29:30.795" instance="ba45b8" url="/api/deployments/latest?deployer=OneDeploy&amp;time=2025-09-26_10-28-23Z" method="GET" type="request" pid="823,1,3" Host="smart-expense-tracker-app.scm.azurewebsites.net" User-Agent="GITHUBACTIONS_DeployWebAppToAzure_5835cf6118cc5cc5f74e80598d4369c7edd831c8598f111ac95a3005d8e3812e" Authorization="Bas..." Content-Type="application/json; charset=utf-8" Cookie="ARRAffinity=ba45b830eaae19b6e165b2dfcb3947a4904073a482d7c81d6af1581103c5ad1b;Path=/;HttpOnly;Secure;Domain=smart-expense-tracker-app.scm.azurewebsites.net; ARRAffinitySameSite=ba45b830eaae19b6e165b2dfcb3947a4904073a482d7c81d6af1581103c5ad1b;Path=/;HttpOnly;SameSite=None;Secure;Domain=smart-expense-tracker-app.scm.azurewebsites.net" Content-Length="0" X-ARR-LOG-ID="892d3f29-890e-47a8-af63-610ea4d1d95a" CLIENT-IP="52.160.166.66:15360" X-SITE-DEPLOYMENT-ID="smart-expense-tracker-app" WAS-DEFAULT-HOSTNAME="smart-expense-tracker-app.scm.azurewebsites.net" X-Forwarded-Proto="https" X-AppService-Proto="https" X-Forwarded-TlsVersion="1.3" X-WAWS-Unencoded-URL="/api/deployments/latest?deployer=OneDeploy&amp;time=2025-09-26_10-28-23Z" X-Client-IP="52.160.166.66" X-Client-Port="15360" >
  <step title="Cleanup Xml Logs" date="2025-09-26T10:29:30.805" >
    <step title="Cleanup Infos" date="2025-09-26T10:29:30.824" totalFiles="222" totalCleanup="62" /><!-- duration: 17ms -->
  </step><!-- duration: 44ms -->
  <step title="DeploymentService.GetResult" date="2025-09-26T10:29:30.877" >
    <step title="DeploymentService.GetLatestDeployment" date="2025-09-26T10:29:30.886" >
      <step title="DeploymentManager.GetResults" date="2025-09-26T10:29:30.896" /><!-- duration: 660ms -->
    </step><!-- duration: 689ms -->
  </step><!-- duration: 717ms -->
  <step title="Outgoing response" date="2025-09-26T10:29:31.619" type="response" statusCode="202" statusText="Accepted" /><!-- duration: 19ms -->
</step><!-- duration: 859ms -->
