<step title="Incoming Request" date="2025-09-26T12:17:15.744" instance="ba45b8" url="/api/publish?async=true&amp;deployer=GITHUB_ONE_DEPLOY&amp;type=zip&amp;message=%7B%22type%22%3A%22deployment%22%2C%22sha%22%3A%227ea0ed8d0f9f64b454091bd5dba645c5230f1997%22%2C%22repoName%22%3A%22modosenin0%2Fsmart-expense-tracker%22%2C%22actor%22%3A%22modosenin0%22%2C%22slotName%22%3A%22production%22%2C%22commitMessage%22%3A%22Fix%3A%20Simplify%20server%20structure%20for%20Azure%20App%20Service%20compatibility%5Cn%5Cn-%20Add%20traditional%20CommonJS%20server.js%20for%20reliable%20Azure%20deployment%5Cn-%20Update%20package.json%20to%20use%20simplified%20entry%20point%5Cn-%20Maintain%20Azure%20Key%20Vault%20integration%20with%20proper%20fallbacks%5Cn-%20Fix%20persistent%20build%20failures%20with%20ES6%20module%20conflicts%22%7D" method="POST" type="request" pid="823,1,34" Host="smart-expense-tracker-app.scm.azurewebsites.net" User-Agent="GITHUBACTIONS_DeployWebAppToAzure_5835cf6118cc5cc5f74e80598d4369c7edd831c8598f111ac95a3005d8e3812e" Authorization="Bas..." Content-Type="application/octet-stream" Cookie="ARRAffinity=ba45b830eaae19b6e165b2dfcb3947a4904073a482d7c81d6af1581103c5ad1b;Path=/;HttpOnly;Secure;Domain=smart-expense-tracker-app.scm.azurewebsites.net; ARRAffinitySameSite=ba45b830eaae19b6e165b2dfcb3947a4904073a482d7c81d6af1581103c5ad1b;Path=/;HttpOnly;SameSite=None;Secure;Domain=smart-expense-tracker-app.scm.azurewebsites.net" Transfer-Encoding="chunked" X-ARR-LOG-ID="88f26562-f113-4d4c-8425-5f0835415bed" CLIENT-IP="20.55.222.86:1072" X-SITE-DEPLOYMENT-ID="smart-expense-tracker-app" WAS-DEFAULT-HOSTNAME="smart-expense-tracker-app.scm.azurewebsites.net" X-Forwarded-Proto="https" X-AppService-Proto="https" X-Forwarded-TlsVersion="1.3" X-WAWS-Unencoded-URL="/api/publish?async=true&amp;deployer=GITHUB_ONE_DEPLOY&amp;type=zip&amp;message=%7B%22type%22%3A%22deployment%22%2C%22sha%22%3A%227ea0ed8d0f9f64b454091bd5dba645c5230f1997%22%2C%22repoName%22%3A%22modosenin0%2Fsmart-expense-tracker%22%2C%22actor%22%3A%22modosenin0%22%2C%22slotName%22%3A%22production%22%2C%22commitMessage%22%3A%22Fix%3A%20Simplify%20server%20structure%20for%20Azure%20App%20Service%20compatibility%5Cn%5Cn-%20Add%20traditional%20CommonJS%20server.js%20for%20reliable%20Azure%20deployment%5Cn-%20Update%20package.json%20to%20use%20simplified%20entry%20point%5Cn-%20Maintain%20Azure%20Key%20Vault%20integration%20with%20proper%20fallbacks%5Cn-%20Fix%20persistent%20build%20failures%20with%20ES6%20module%20conflicts%22%7D" X-Client-IP="20.55.222.86" X-Client-Port="1072" >
  <step title="OneDeploy" date="2025-09-26T12:17:16.147" >
    <step title="None repository commit" date="2025-09-26T12:17:16.269" >
      <step title="Commit id: dd457e93-5267-4fb9-a5f6-d2f457774c8d" date="2025-09-26T12:17:16.278" Message="N/A" AuthorName="N/A" AuthorEmail="N/A" /><!-- duration: 18ms -->
    </step><!-- duration: 47ms -->
    <step title="Starting PushDeployAsync" date="2025-09-26T12:17:16.333" /><!-- duration: 10ms -->
    <step title="Writing artifact to /tmp/zipdeploy/bfceaee6-f9c5-4837-bf71-3191c3f12d41.zip" date="2025-09-26T12:17:16.377" >
      <step title="Writing multipart request body to /tmp/zipdeploy/bfceaee6-f9c5-4837-bf71-3191c3f12d41.zip" date="2025-09-26T12:17:16.405" /><!-- duration: 3ms -->
    </step><!-- duration: 5773ms -->
    <step title="None repository commit" date="2025-09-26T12:17:22.224" >
      <step title="Commit id: dd457e93-5267-4fb9-a5f6-d2f457774c8d" date="2025-09-26T12:17:22.263" Message="N/A" AuthorName="N/A" AuthorEmail="N/A" /><!-- duration: 9ms -->
    </step><!-- duration: 68ms -->
    <step title="Start deployment in the background" date="2025-09-26T12:17:22.352" >
      <step title="None repository commit" date="2025-09-26T12:17:22.575" >
        <step title="Commit id: dd457e93-5267-4fb9-a5f6-d2f457774c8d" date="2025-09-26T12:17:22.587" Message="N/A" AuthorName="N/A" AuthorEmail="N/A" /><!-- duration: 17ms -->
      </step><!-- duration: 38ms -->
      <step title="Acquiring Deployment Lock" date="2025-09-26T12:17:22.696" /><!-- duration: 28ms -->
      <step title="Acquired Deployment Lock" date="2025-09-26T12:17:22.820" /><!-- duration: 34ms -->
    </step><!-- duration: 799ms -->
  </step><!-- duration: 7088ms -->
  <step title="Outgoing response" date="2025-09-26T12:17:23.332" type="response" statusCode="202" statusText="Accepted" /><!-- duration: 4ms -->
</step><!-- duration: 7599ms -->
