<step title="Incoming Request" date="2025-09-26T10:50:47.582" instance="ba45b8" url="/api/deployments/latest?deployer=OneDeploy&amp;time=2025-09-26_10-49-57Z" method="GET" type="request" pid="824,1,3" Host="smart-expense-tracker-app.scm.azurewebsites.net" User-Agent="GITHUBACTIONS_DeployWebAppToAzure_5835cf6118cc5cc5f74e80598d4369c7edd831c8598f111ac95a3005d8e3812e" Authorization="Bas..." Content-Type="application/json; charset=utf-8" Cookie="ARRAffinity=ba45b830eaae19b6e165b2dfcb3947a4904073a482d7c81d6af1581103c5ad1b;Path=/;HttpOnly;Secure;Domain=smart-expense-tracker-app.scm.azurewebsites.net; ARRAffinitySameSite=ba45b830eaae19b6e165b2dfcb3947a4904073a482d7c81d6af1581103c5ad1b;Path=/;HttpOnly;SameSite=None;Secure;Domain=smart-expense-tracker-app.scm.azurewebsites.net" Content-Length="0" X-ARR-LOG-ID="230c3b55-6d6f-4650-a194-f906894086c4" CLIENT-IP="172.214.44.50:5121" X-SITE-DEPLOYMENT-ID="smart-expense-tracker-app" WAS-DEFAULT-HOSTNAME="smart-expense-tracker-app.scm.azurewebsites.net" X-Forwarded-Proto="https" X-AppService-Proto="https" X-Forwarded-TlsVersion="1.3" X-WAWS-Unencoded-URL="/api/deployments/latest?deployer=OneDeploy&amp;time=2025-09-26_10-49-57Z" X-Client-IP="172.214.44.50" X-Client-Port="5121" >
  <step title="Cleanup Xml Logs" date="2025-09-26T10:50:47.585" >
    <step title="Cleanup Infos" date="2025-09-26T10:50:47.674" totalFiles="252" totalCleanup="92" /><!-- duration: 37ms -->
  </step><!-- duration: 153ms -->
  <step title="DeploymentService.GetResult" date="2025-09-26T10:50:47.809" >
    <step title="DeploymentService.GetLatestDeployment" date="2025-09-26T10:50:47.843" >
      <step title="DeploymentManager.GetResults" date="2025-09-26T10:50:47.863" /><!-- duration: 1393ms -->
    </step><!-- duration: 1477ms -->
  </step><!-- duration: 1544ms -->
  <step title="Outgoing response" date="2025-09-26T10:50:49.409" type="response" statusCode="202" statusText="Accepted" /><!-- duration: 72ms -->
</step><!-- duration: 1926ms -->
