﻿<?xml version="1.0" encoding="utf-8"?>
<deployment>
  <id>4d57cd6a-c5ad-4030-bbf5-53afd8518531</id>
  <author>N/A</author>
  <deployer>OneDeploy</deployer>
  <authorEmail>N/A</authorEmail>
  <message>N/A</message>
  <progress></progress>
  <status>Failed</status>
  <statusText>Deployment has been stopped due to SCM container restart. The restart can happen due to a management operation on site. Do not perform a management operation and a deployment operation in quick succession. Adding a small delay can help avoid any conflicts.</statusText>
  <lastSuccessEndTime />
  <receivedTime>2025-09-26T11:45:02.1583083Z</receivedTime>
  <startTime>2025-09-26T11:45:03.8729304Z</startTime>
  <endTime>2025-09-26T11:48:08.3187079Z</endTime>
  <complete>True</complete>
  <is_temp>False</is_temp>
  <is_readonly>True</is_readonly>
  <buildSummary />
</deployment>