﻿<?xml version="1.0" encoding="utf-8"?>
<deployment>
  <id>f0116705-0d6d-48b4-8006-536abe5d364b</id>
  <author>N/A</author>
  <deployer>OneDeploy</deployer>
  <authorEmail>N/A</authorEmail>
  <message>N/A</message>
  <progress></progress>
  <status>Success</status>
  <statusText></statusText>
  <lastSuccessEndTime>2025-09-26T12:34:45.0469522Z</lastSuccessEndTime>
  <receivedTime>2025-09-26T12:32:47.4574544Z</receivedTime>
  <startTime>2025-09-26T12:32:48.9378742Z</startTime>
  <endTime>2025-09-26T12:34:45.0469522Z</endTime>
  <complete>True</complete>
  <is_temp>False</is_temp>
  <is_readonly>True</is_readonly>
  <buildSummary />
</deployment>