﻿<?xml version="1.0" encoding="utf-8"?>
<deployment>
  <id>temp-38f66885</id>
  <author>N/A</author>
  <deployer>GitHub</deployer>
  <authorEmail>N/A</authorEmail>
  <message>Fetch from https://github.com/modosenin0/smart-expense-tracker.git</message>
  <progress></progress>
  <status>Failed</status>
  <statusText>Deployment has been stopped due to SCM container restart. The restart can happen due to a management operation on site. Do not perform a management operation and a deployment operation in quick succession. Adding a small delay can help avoid any conflicts.</statusText>
  <lastSuccessEndTime />
  <receivedTime>2025-09-26T11:15:15.7837598Z</receivedTime>
  <startTime>2025-09-26T11:15:15.7837598Z</startTime>
  <endTime>2025-09-26T11:22:55.4106453Z</endTime>
  <complete>True</complete>
  <is_temp>True</is_temp>
  <is_readonly>False</is_readonly>
  <buildSummary />
</deployment>